Date,baro.pressure_psi,total.pressure_psi,temp.ref_F,water.level.above.sensor,ID
2020-07-09 21:00:00,12.393,14.3203,44.56,4.446,RCW3
2020-07-09 21:30:00,12.3986,14.3226,44.379,4.438,RCW3
2020-07-09 22:00:00,12.4036,14.327,44.379,4.437,RCW3
2020-07-09 22:30:00,12.4081,14.3255,44.379,4.423,RCW3
2020-07-09 23:00:00,12.4106,14.3241,44.379,4.414,RCW3
2020-07-09 23:30:00,12.4102,14.3226,44.379,4.412,RCW3
2020-07-10 00:00:00,12.411,14.3241,44.379,4.413,RCW3
2020-07-10 00:30:00,12.4136,14.3226,44.379,4.404,RCW3
2020-07-10 01:00:00,12.4139,14.3212,44.379,4.4,RCW3
2020-07-10 01:30:00,12.4158,14.3212,44.379,4.396,RCW3
2020-07-10 02:00:00,12.4181,14.3197,44.379,4.387,RCW3
2020-07-10 02:30:00,12.4174,14.3197,44.379,4.388,RCW3
2020-07-10 03:00:00,12.4197,14.3197,44.379,4.383,RCW3
2020-07-10 03:30:00,12.421,14.3197,44.379,4.38,RCW3
2020-07-10 04:00:00,12.4218,14.3197,44.379,4.378,RCW3
2020-07-10 04:30:00,12.4248,14.3212,44.379,4.375,RCW3
2020-07-10 05:00:00,12.4247,14.3241,44.379,4.382,RCW3
2020-07-10 05:30:00,12.4277,14.3241,44.379,4.375,RCW3
2020-07-10 06:00:00,12.4335,14.3299,44.379,4.375,RCW3
2020-07-10 06:30:00,12.4352,14.3313,44.379,4.374,RCW3
2020-07-10 07:00:00,12.4422,14.3342,44.379,4.365,RCW3
2020-07-10 07:30:00,12.4441,14.3371,44.379,4.367,RCW3
2020-07-10 08:00:00,12.4463,14.3371,44.379,4.362,RCW3
2020-07-10 08:30:00,12.3649,14.34,44.379,4.556,RCW3
2020-07-10 09:00:00,12.3701,14.3415,44.379,4.548,RCW3
2020-07-10 09:30:00,12.371,14.34,44.379,4.542,RCW3
2020-07-10 10:00:00,12.3687,14.34,44.379,4.548,RCW3
2020-07-10 10:30:00,12.3733,14.34,44.379,4.537,RCW3
2020-07-10 11:00:00,12.3753,14.34,44.379,4.532,RCW3
2020-07-10 11:30:00,12.374,14.3415,44.379,4.539,RCW3
2020-07-10 12:00:00,12.3682,14.34,44.379,4.549,RCW3
2020-07-10 12:30:00,12.3751,14.34,44.379,4.533,RCW3
2020-07-10 13:00:00,12.3701,14.3371,44.379,4.538,RCW3
2020-07-10 13:30:00,12.3684,14.3357,44.379,4.538,RCW3
2020-07-10 14:00:00,12.3677,14.3313,44.379,4.53,RCW3
2020-07-10 14:30:00,12.3645,14.3299,44.379,4.534,RCW3
2020-07-10 15:00:00,12.3664,14.3299,44.379,4.53,RCW3
2020-07-10 15:30:00,12.3616,14.3241,44.379,4.527,RCW3
2020-07-10 16:00:00,12.3627,14.3212,44.379,4.518,RCW3
2020-07-10 16:30:00,12.3626,14.3183,44.379,4.512,RCW3
2020-07-10 17:00:00,12.361,14.3168,44.379,4.512,RCW3
2020-07-10 17:30:00,12.3568,14.3139,44.379,4.515,RCW3
2020-07-10 18:00:00,12.3579,14.3125,44.379,4.509,RCW3
2020-07-10 18:30:00,12.3559,14.3139,44.379,4.517,RCW3
2020-07-10 19:00:00,12.3552,14.3139,44.379,4.518,RCW3
2020-07-10 19:30:00,12.3616,14.3139,44.379,4.504,RCW3
2020-07-10 20:00:00,12.3606,14.3139,44.379,4.506,RCW3
2020-07-10 20:30:00,12.3655,14.3154,44.379,4.498,RCW3
2020-07-10 21:00:00,12.3656,14.3168,44.379,4.501,RCW3
2020-07-10 21:30:00,12.3682,14.3212,44.379,4.505,RCW3
2020-07-10 22:00:00,12.3695,14.3212,44.379,4.502,RCW3
2020-07-10 22:30:00,12.3665,14.3212,44.379,4.509,RCW3
2020-07-10 23:00:00,12.3703,14.3212,44.379,4.5,RCW3
2020-07-10 23:30:00,12.3743,14.3212,44.379,4.491,RCW3
2020-07-11 00:00:00,12.3782,14.3255,44.379,4.492,RCW3
2020-07-11 00:30:00,12.374,14.3226,44.379,4.495,RCW3
2020-07-11 01:00:00,12.3839,14.3226,44.379,4.472,RCW3
2020-07-11 01:30:00,12.3758,14.3197,44.379,4.484,RCW3
2020-07-11 02:00:00,12.3717,14.3197,44.379,4.494,RCW3
2020-07-11 02:30:00,12.3732,14.3183,44.379,4.487,RCW3
2020-07-11 03:00:00,12.3701,14.3139,44.379,4.484,RCW3
2020-07-11 03:30:00,12.3623,14.313,44.56,4.5,RCW3
2020-07-11 04:00:00,12.3643,14.3125,44.379,4.494,RCW3
2020-07-11 04:30:00,12.3753,14.3145,44.56,4.474,RCW3
2020-07-11 05:00:00,12.3732,14.3159,44.56,4.482,RCW3
2020-07-11 05:30:00,12.3755,14.3189,44.56,4.483,RCW3
2020-07-11 06:00:00,12.379,14.3218,44.56,4.482,RCW3
2020-07-11 06:30:00,12.3836,14.3203,44.56,4.468,RCW3
2020-07-11 07:00:00,12.3761,14.3218,44.56,4.489,RCW3
2020-07-11 07:30:00,12.3785,14.3218,44.56,4.483,RCW3
2020-07-11 08:00:00,12.3825,14.3174,44.56,4.464,RCW3
2020-07-11 08:30:00,12.3771,14.3174,44.56,4.476,RCW3
2020-07-11 09:00:00,12.3785,14.3174,44.56,4.473,RCW3
2020-07-11 09:30:00,12.3798,14.3189,44.56,4.473,RCW3
2020-07-11 10:00:00,12.3851,14.3189,44.56,4.461,RCW3
2020-07-11 10:30:00,12.3842,14.3203,44.56,4.466,RCW3
2020-07-11 11:00:00,12.3843,14.3189,44.56,4.463,RCW3
2020-07-11 11:30:00,12.3917,14.3203,44.56,4.449,RCW3
2020-07-11 12:00:00,12.3896,14.3189,44.56,4.451,RCW3
2020-07-11 12:30:00,12.381,14.3145,44.56,4.46,RCW3
2020-07-11 13:00:00,12.3803,14.3145,44.56,4.462,RCW3
2020-07-11 13:30:00,12.3778,14.3087,44.56,4.454,RCW3
2020-07-11 14:00:00,12.3746,14.3058,44.56,4.455,RCW3
2020-07-11 14:30:00,12.3739,14.3029,44.56,4.45,RCW3
2020-07-11 15:00:00,12.3636,14.2971,44.56,4.46,RCW3
2020-07-11 15:30:00,12.3685,14.2943,44.56,4.443,RCW3
2020-07-11 16:00:00,12.3664,14.2929,44.56,4.444,RCW3
2020-07-11 16:30:00,12.3635,14.2885,44.56,4.441,RCW3
2020-07-11 17:00:00,12.3664,14.2871,44.56,4.431,RCW3
2020-07-11 17:30:00,12.3666,14.2856,44.56,4.427,RCW3
2020-07-11 18:00:00,12.3614,14.2842,44.56,4.436,RCW3
2020-07-11 18:30:00,12.3674,14.2827,44.56,4.418,RCW3
2020-07-11 19:00:00,12.3679,14.2842,44.56,4.421,RCW3
2020-07-11 19:30:00,12.37,14.2827,44.56,4.412,RCW3
2020-07-11 20:00:00,12.3679,14.2827,44.56,4.417,RCW3
2020-07-11 20:30:00,12.3751,14.2842,44.56,4.404,RCW3
2020-07-11 21:00:00,12.3739,14.2856,44.56,4.41,RCW3
2020-07-11 21:30:00,12.3807,14.2914,44.56,4.408,RCW3
2020-07-11 22:00:00,12.3816,14.2914,44.56,4.406,RCW3
2020-07-11 22:30:00,12.3849,14.2914,44.56,4.398,RCW3
2020-07-11 23:00:00,12.3794,14.2929,44.56,4.414,RCW3
2020-07-11 23:30:00,12.3845,14.29,44.56,4.396,RCW3
2020-07-12 00:00:00,12.3848,14.2871,44.56,4.388,RCW3
2020-07-12 00:30:00,12.381,14.2856,44.56,4.394,RCW3
2020-07-12 01:00:00,12.3811,14.2827,44.56,4.387,RCW3
2020-07-12 01:30:00,12.3772,14.2798,44.56,4.389,RCW3
2020-07-12 02:00:00,12.3732,14.274,44.56,4.385,RCW3
2020-07-12 02:30:00,12.3748,14.2726,44.56,4.378,RCW3
2020-07-12 03:00:00,12.3677,14.2711,44.56,4.391,RCW3
2020-07-12 03:30:00,12.3695,14.2682,44.56,4.38,RCW3
2020-07-12 04:00:00,12.3664,14.2682,44.56,4.387,RCW3
2020-07-12 04:30:00,12.3688,14.2668,44.56,4.378,RCW3
2020-07-12 05:00:00,12.3707,14.264,44.56,4.368,RCW3
2020-07-12 05:30:00,12.3681,14.2655,44.56,4.377,RCW3
2020-07-12 06:00:00,12.371,14.2668,44.56,4.373,RCW3
2020-07-12 06:30:00,12.371,14.264,44.56,4.367,RCW3
2020-07-12 07:00:00,12.3732,14.264,44.56,4.362,RCW3
2020-07-12 07:30:00,12.3664,14.2655,44.56,4.381,RCW3
2020-07-12 08:00:00,12.3697,14.2626,44.56,4.367,RCW3
2020-07-12 08:30:00,12.3679,14.2582,44.56,4.361,RCW3
2020-07-12 09:00:00,12.3643,14.2539,44.56,4.359,RCW3
2020-07-12 09:30:00,12.3597,14.251,44.56,4.363,RCW3
2020-07-12 10:00:00,12.3645,14.2466,44.56,4.342,RCW3
2020-07-12 10:30:00,12.3574,14.2423,44.56,4.348,RCW3
2020-07-12 11:00:00,12.3508,14.2408,44.56,4.36,RCW3
2020-07-12 11:30:00,12.3476,14.2394,44.56,4.364,RCW3
2020-07-12 12:00:00,12.3411,14.2352,44.56,4.369,RCW3
2020-07-12 12:30:00,12.3376,14.2294,44.56,4.364,RCW3
2020-07-12 13:00:00,12.3276,14.2207,44.56,4.367,RCW3
2020-07-12 13:30:00,12.3244,14.2163,44.56,4.364,RCW3
2020-07-12 14:00:00,12.317,14.2134,44.56,4.375,RCW3
2020-07-12 14:30:00,12.3162,14.2063,44.56,4.36,RCW3
2020-07-12 15:00:00,12.3136,14.202,44.56,4.356,RCW3
2020-07-12 15:30:00,12.3082,14.1976,44.56,4.359,RCW3
2020-07-12 16:00:00,12.3082,14.1932,44.56,4.348,RCW3
2020-07-12 16:30:00,12.3047,14.1937,44.742,4.358,RCW3
2020-07-12 17:00:00,12.3005,14.186,44.56,4.35,RCW3
2020-07-12 17:30:00,12.3041,14.1802,44.56,4.328,RCW3
2020-07-12 18:00:00,12.2993,14.1802,44.56,4.339,RCW3
2020-07-12 18:30:00,12.3046,14.1779,44.742,4.322,RCW3
2020-07-12 19:00:00,12.2986,14.1789,44.56,4.338,RCW3
2020-07-12 19:30:00,12.3062,14.1779,44.742,4.318,RCW3
2020-07-12 20:00:00,12.3041,14.1764,44.742,4.319,RCW3
2020-07-12 20:30:00,12.3034,14.1779,44.742,4.324,RCW3
2020-07-12 21:00:00,12.3024,14.1779,44.742,4.327,RCW3
2020-07-12 21:30:00,12.3143,14.1808,44.742,4.306,RCW3
2020-07-12 22:00:00,12.3107,14.1822,44.742,4.317,RCW3
2020-07-12 22:30:00,12.3099,14.1822,44.742,4.319,RCW3
2020-07-12 23:00:00,12.3146,14.1822,44.742,4.308,RCW3
2020-07-12 23:30:00,12.315,14.1808,44.742,4.304,RCW3
2020-07-13 00:00:00,12.3109,14.1793,44.742,4.31,RCW3
2020-07-13 00:30:00,12.3072,14.1779,44.742,4.316,RCW3
2020-07-13 01:00:00,12.3083,14.1764,44.742,4.31,RCW3
2020-07-13 01:30:00,12.3101,14.1721,44.742,4.295,RCW3
2020-07-13 02:00:00,12.3072,14.1692,44.742,4.295,RCW3
2020-07-13 02:30:00,12.3001,14.1663,44.742,4.305,RCW3
2020-07-13 03:00:00,12.3063,14.1677,44.742,4.294,RCW3
2020-07-13 03:30:00,12.3033,14.1634,44.742,4.291,RCW3
2020-07-13 04:00:00,12.3008,14.1606,44.742,4.29,RCW3
2020-07-13 04:30:00,12.3028,14.1606,44.742,4.286,RCW3
2020-07-13 05:00:00,12.3053,14.1621,44.742,4.283,RCW3
2020-07-13 05:30:00,12.3033,14.1634,44.742,4.291,RCW3
2020-07-13 06:00:00,12.3017,14.1634,44.742,4.295,RCW3
2020-07-13 06:30:00,12.3062,14.1621,44.742,4.281,RCW3
2020-07-13 07:00:00,12.3033,14.1634,44.742,4.291,RCW3
2020-07-13 07:30:00,12.3002,14.1592,44.742,4.289,RCW3
2020-07-13 08:00:00,12.3025,14.1592,44.742,4.283,RCW3
2020-07-13 08:30:00,12.3044,14.1592,44.742,4.279,RCW3
2020-07-13 09:00:00,12.3043,14.1577,44.742,4.276,RCW3
2020-07-13 09:30:00,12.2998,14.1563,44.742,4.283,RCW3
2020-07-13 10:00:00,12.3002,14.1563,44.742,4.282,RCW3
2020-07-13 10:30:00,12.2998,14.1548,44.742,4.279,RCW3
2020-07-13 11:00:00,12.303,14.1563,44.742,4.275,RCW3
2020-07-13 11:30:00,12.3025,14.1534,44.742,4.27,RCW3
2020-07-13 12:00:00,12.3018,14.1534,44.742,4.271,RCW3
2020-07-13 12:30:00,12.2983,14.1519,44.742,4.276,RCW3
2020-07-13 13:00:00,12.2956,14.1476,44.742,4.272,RCW3
2020-07-13 13:30:00,12.2953,14.1461,44.742,4.27,RCW3
2020-07-13 14:00:00,12.2948,14.1432,44.742,4.264,RCW3
2020-07-13 14:30:00,12.2895,14.1374,44.742,4.263,RCW3
2020-07-13 15:00:00,12.2844,14.1374,44.742,4.275,RCW3
2020-07-13 15:30:00,12.2919,14.1347,44.742,4.251,RCW3
2020-07-13 16:00:00,12.2915,14.1332,44.742,4.249,RCW3
2020-07-13 16:30:00,12.2912,14.1347,44.742,4.253,RCW3
2020-07-13 17:00:00,12.2882,14.1289,44.742,4.246,RCW3
2020-07-13 17:30:00,12.2851,14.1289,44.742,4.253,RCW3
2020-07-13 18:00:00,12.2876,14.1289,44.742,4.248,RCW3
2020-07-13 18:30:00,12.2915,14.1274,44.742,4.235,RCW3
2020-07-13 19:00:00,12.2917,14.1274,44.742,4.235,RCW3
2020-07-13 19:30:00,12.295,14.1289,44.742,4.231,RCW3
2020-07-13 20:00:00,12.2988,14.1303,44.742,4.225,RCW3
2020-07-13 20:30:00,12.3001,14.1332,44.742,4.229,RCW3
2020-07-13 21:00:00,12.3053,14.136,44.742,4.223,RCW3
2020-07-13 21:30:00,12.3089,14.1389,44.742,4.222,RCW3
2020-07-13 22:00:00,12.3117,14.1418,44.742,4.222,RCW3
2020-07-13 22:30:00,12.3202,14.1418,44.742,4.202,RCW3
2020-07-13 23:00:00,12.3108,14.1432,44.742,4.227,RCW3
2020-07-13 23:30:00,12.3201,14.1447,44.742,4.209,RCW3
2020-07-14 00:00:00,12.3207,14.1432,44.742,4.204,RCW3
2020-07-14 00:30:00,12.3215,14.1461,44.742,4.209,RCW3
2020-07-14 01:00:00,12.3186,14.1418,44.742,4.206,RCW3
2020-07-14 01:30:00,12.3246,14.1418,44.742,4.192,RCW3
2020-07-14 02:00:00,12.3172,14.1403,44.742,4.206,RCW3
2020-07-14 02:30:00,12.3188,14.1403,44.742,4.202,RCW3
2020-07-14 03:00:00,12.3163,14.1374,44.742,4.201,RCW3
2020-07-14 03:30:00,12.3191,14.1347,44.742,4.188,RCW3
2020-07-14 04:00:00,12.3124,14.1332,44.742,4.2,RCW3
2020-07-14 04:30:00,12.3156,14.1332,44.742,4.193,RCW3
2020-07-14 05:00:00,12.3181,14.1318,44.742,4.184,RCW3
2020-07-14 05:30:00,12.3166,14.1374,44.742,4.2,RCW3
2020-07-14 06:00:00,12.3237,14.1389,44.742,4.187,RCW3
2020-07-14 06:30:00,12.3197,14.1389,44.742,4.197,RCW3
2020-07-14 07:00:00,12.3263,14.1403,44.742,4.185,RCW3
2020-07-14 07:30:00,12.3278,14.1389,44.742,4.178,RCW3
2020-07-14 08:00:00,12.3292,14.1389,44.742,4.175,RCW3
2020-07-14 08:30:00,12.3259,14.1374,44.742,4.179,RCW3
2020-07-14 09:00:00,12.3304,14.1389,44.742,4.172,RCW3
2020-07-14 09:30:00,12.3231,14.136,44.742,4.182,RCW3
2020-07-14 10:00:00,12.3223,14.1332,44.742,4.178,RCW3
2020-07-14 10:30:00,12.3214,14.1318,44.742,4.176,RCW3
2020-07-14 11:00:00,12.3278,14.136,44.742,4.171,RCW3
2020-07-14 11:30:00,12.3234,14.1332,44.742,4.175,RCW3
2020-07-14 12:00:00,12.326,14.1322,44.922,4.167,RCW3
2020-07-14 12:30:00,12.3218,14.1318,44.742,4.175,RCW3
2020-07-14 13:00:00,12.3181,14.1264,44.922,4.172,RCW3
2020-07-14 13:30:00,12.3186,14.1249,44.922,4.167,RCW3
2020-07-14 14:00:00,12.3162,14.1206,44.922,4.163,RCW3
2020-07-14 14:30:00,12.3099,14.1164,44.922,4.167,RCW3
2020-07-14 15:00:00,12.3005,14.1135,44.922,4.182,RCW3
2020-07-14 15:30:00,12.3038,14.1106,44.922,4.168,RCW3
2020-07-14 16:00:00,12.2933,14.1091,44.922,4.189,RCW3
2020-07-14 16:30:00,12.2962,14.1033,44.922,4.169,RCW3
2020-07-14 17:00:00,12.2915,14.099,44.922,4.17,RCW3
2020-07-14 17:30:00,12.2927,14.0975,44.922,4.164,RCW3
2020-07-14 18:00:00,12.2953,14.0975,44.922,4.158,RCW3
2020-07-14 18:30:00,12.2956,14.0975,44.922,4.157,RCW3
2020-07-14 19:00:00,12.3004,14.099,44.922,4.149,RCW3
2020-07-14 19:30:00,12.3067,14.1019,44.922,4.141,RCW3
2020-07-14 20:00:00,12.3037,14.1033,44.922,4.152,RCW3
2020-07-14 20:30:00,12.3072,14.1019,44.922,4.14,RCW3
2020-07-14 21:00:00,12.3127,14.1062,44.922,4.137,RCW3
2020-07-14 21:30:00,12.3166,14.1091,44.922,4.135,RCW3
2020-07-14 22:00:00,12.3224,14.1135,44.922,4.132,RCW3
2020-07-14 22:30:00,12.3215,14.1106,44.922,4.127,RCW3
2020-07-14 23:00:00,12.321,14.112,44.922,4.132,RCW3
2020-07-14 23:30:00,12.3207,14.1106,44.922,4.129,RCW3
2020-07-15 00:00:00,12.3255,14.112,44.922,4.121,RCW3
2020-07-15 00:30:00,12.3214,14.1106,44.922,4.128,RCW3
2020-07-15 01:00:00,12.3173,14.1077,44.922,4.13,RCW3
2020-07-15 01:30:00,12.3234,14.1077,44.922,4.116,RCW3
2020-07-15 02:00:00,12.3201,14.1091,44.922,4.127,RCW3
2020-07-15 02:30:00,12.3214,14.1062,44.922,4.117,RCW3
2020-07-15 03:00:00,12.3185,14.1048,44.922,4.121,RCW3
2020-07-15 03:30:00,12.3202,14.1033,44.922,4.113,RCW3
2020-07-15 04:00:00,12.323,14.1048,44.922,4.11,RCW3
2020-07-15 04:30:00,12.3302,14.1077,44.922,4.101,RCW3
2020-07-15 05:00:00,12.3286,14.1077,44.922,4.104,RCW3
2020-07-15 05:30:00,12.3268,14.1106,44.922,4.115,RCW3
2020-07-15 06:00:00,12.3308,14.112,44.922,4.109,RCW3
2020-07-15 06:30:00,12.3355,14.1135,44.922,4.102,RCW3
2020-07-15 07:00:00,12.3379,14.1135,44.922,4.096,RCW3
2020-07-15 07:30:00,12.3442,14.1135,44.922,4.082,RCW3
2020-07-15 08:00:00,12.3381,14.1135,44.922,4.096,RCW3
2020-07-15 08:30:00,12.3378,14.1135,44.922,4.096,RCW3
2020-07-15 09:00:00,12.342,14.1135,44.922,4.087,RCW3
2020-07-15 09:30:00,12.3398,14.112,44.922,4.088,RCW3
2020-07-15 10:00:00,12.3349,14.1091,44.922,4.093,RCW3
2020-07-15 10:30:00,12.3289,14.1062,44.922,4.1,RCW3
2020-07-15 11:00:00,12.3318,14.1019,44.922,4.083,RCW3
2020-07-15 11:30:00,12.3346,14.1004,44.922,4.074,RCW3
2020-07-15 12:00:00,12.3286,14.0961,44.922,4.077,RCW3
2020-07-15 12:30:00,12.325,14.0932,44.922,4.079,RCW3
2020-07-15 13:00:00,12.3204,14.0932,44.922,4.09,RCW3
2020-07-15 13:30:00,12.3185,14.0861,44.922,4.078,RCW3
2020-07-15 14:00:00,12.3162,14.0832,44.922,4.076,RCW3
2020-07-15 14:30:00,12.3096,14.0774,44.922,4.078,RCW3
2020-07-15 15:00:00,12.3105,14.073,44.922,4.066,RCW3
2020-07-15 15:30:00,12.3054,14.0672,44.922,4.064,RCW3
2020-07-15 16:00:00,12.3033,14.063,44.922,4.059,RCW3
2020-07-15 16:30:00,12.3021,14.0601,44.922,4.056,RCW3
2020-07-15 17:00:00,12.2983,14.0587,44.922,4.061,RCW3
2020-07-15 17:30:00,12.298,14.0529,44.922,4.048,RCW3
2020-07-15 18:00:00,12.2931,14.0485,44.922,4.05,RCW3
2020-07-15 18:30:00,12.2953,14.05,44.922,4.048,RCW3
2020-07-15 19:00:00,12.2946,14.0529,44.922,4.056,RCW3
2020-07-15 19:30:00,12.2957,14.0514,44.922,4.05,RCW3
2020-07-15 20:00:00,12.2969,14.0514,44.922,4.047,RCW3
2020-07-15 20:30:00,12.3098,14.0529,44.922,4.021,RCW3
2020-07-15 21:00:00,12.3065,14.0558,44.922,4.035,RCW3
2020-07-15 21:30:00,12.3057,14.0558,44.922,4.037,RCW3
2020-07-15 22:00:00,12.3162,14.0587,44.922,4.02,RCW3
2020-07-15 22:30:00,12.3092,14.0558,44.922,4.029,RCW3
2020-07-15 23:00:00,12.3175,14.0543,44.922,4.007,RCW3
2020-07-15 23:30:00,12.3172,14.0572,44.922,4.014,RCW3
2020-07-16 00:00:00,12.3182,14.0572,44.922,4.012,RCW3
2020-07-16 00:30:00,12.3141,14.0558,44.922,4.018,RCW3
2020-07-16 01:00:00,12.315,14.0543,44.922,4.012,RCW3
2020-07-16 01:30:00,12.3114,14.0543,44.922,4.021,RCW3
2020-07-16 02:00:00,12.3127,14.0514,44.922,4.011,RCW3
2020-07-16 02:30:00,12.3057,14.05,44.922,4.024,RCW3
2020-07-16 03:00:00,12.3079,14.0485,44.922,4.015,RCW3
2020-07-16 03:30:00,12.3101,14.0456,44.922,4.004,RCW3
2020-07-16 04:00:00,12.3076,14.0485,44.922,4.016,RCW3
2020-07-16 04:30:00,12.3098,14.0456,44.922,4.004,RCW3
2020-07-16 05:00:00,12.312,14.047,44.922,4.002,RCW3
2020-07-16 05:30:00,12.3104,14.047,44.922,4.006,RCW3
2020-07-16 06:00:00,12.3136,14.05,44.922,4.006,RCW3
2020-07-16 06:30:00,12.3136,14.0514,44.922,4.009,RCW3
2020-07-16 07:00:00,12.3156,14.0485,44.922,3.998,RCW3
2020-07-16 07:30:00,12.3163,14.05,44.922,3.999,RCW3
2020-07-16 08:00:00,12.3178,14.0514,44.922,3.999,RCW3
2020-07-16 08:30:00,12.3143,14.0485,44.922,4.001,RCW3
2020-07-16 09:00:00,12.3178,14.0456,44.922,3.986,RCW3
2020-07-16 09:30:00,12.3141,14.0427,44.922,3.988,RCW3
2020-07-16 10:00:00,12.315,14.0412,44.922,3.982,RCW3
2020-07-16 10:30:00,12.3118,14.0385,44.922,3.983,RCW3
2020-07-16 11:00:00,12.3109,14.0389,45.104,3.986,RCW3
2020-07-16 11:30:00,12.3094,14.0356,44.922,3.982,RCW3
2020-07-16 12:00:00,12.307,14.0341,44.922,3.984,RCW3
2020-07-16 12:30:00,12.3051,14.0317,45.104,3.983,RCW3
2020-07-16 13:00:00,12.2959,14.0273,45.104,3.994,RCW3
2020-07-16 13:30:00,12.2979,14.0244,45.104,3.983,RCW3
2020-07-16 14:00:00,12.2928,14.0202,45.104,3.985,RCW3
2020-07-16 14:30:00,12.2919,14.0188,45.104,3.984,RCW3
2020-07-16 15:00:00,12.2898,14.0115,45.104,3.972,RCW3
2020-07-16 15:30:00,12.2906,14.0101,45.104,3.967,RCW3
2020-07-16 16:00:00,12.2886,14.0072,45.104,3.965,RCW3
2020-07-16 16:30:00,12.2864,14.0057,45.104,3.966,RCW3
2020-07-16 17:00:00,12.289,14.0028,45.104,3.954,RCW3
2020-07-16 17:30:00,12.2876,14.0043,45.104,3.96,RCW3
2020-07-16 18:00:00,12.2895,14.0028,45.104,3.952,RCW3
2020-07-16 18:30:00,12.2911,14.0043,45.104,3.952,RCW3
2020-07-16 19:00:00,12.2948,14.0086,45.104,3.954,RCW3
2020-07-16 19:30:00,12.2943,14.0086,45.104,3.955,RCW3
2020-07-16 20:00:00,12.2973,14.0101,45.104,3.951,RCW3
2020-07-16 20:30:00,12.3014,14.0115,45.104,3.945,RCW3
2020-07-16 21:00:00,12.3085,14.0173,45.104,3.942,RCW3
2020-07-16 21:30:00,12.3166,14.0217,45.104,3.934,RCW3
2020-07-16 22:00:00,12.314,14.0217,45.104,3.94,RCW3
2020-07-16 22:30:00,12.3173,14.0244,45.104,3.938,RCW3
2020-07-16 23:00:00,12.3218,14.0259,45.104,3.931,RCW3
2020-07-16 23:30:00,12.3179,14.0259,45.104,3.94,RCW3
2020-07-17 00:00:00,12.3189,14.023,45.104,3.931,RCW3
2020-07-17 00:30:00,12.3204,14.0259,45.104,3.934,RCW3
2020-07-17 01:00:00,12.322,14.0273,45.104,3.934,RCW3
2020-07-17 01:30:00,12.3188,14.0244,45.104,3.935,RCW3
2020-07-17 02:00:00,12.3256,14.0244,45.104,3.919,RCW3
2020-07-17 02:30:00,12.3228,14.0217,45.104,3.919,RCW3
2020-07-17 03:00:00,12.3247,14.0202,45.104,3.911,RCW3
2020-07-17 03:30:00,12.3224,14.023,45.104,3.923,RCW3
2020-07-17 04:00:00,12.325,14.0217,45.104,3.914,RCW3
2020-07-17 04:30:00,12.3227,14.0202,45.104,3.916,RCW3
2020-07-17 05:00:00,12.3253,14.0188,45.104,3.907,RCW3
2020-07-17 05:30:00,12.3239,14.0217,45.104,3.917,RCW3
2020-07-17 06:00:00,12.3317,14.0244,45.104,3.905,RCW3
2020-07-17 06:30:00,12.327,14.0259,45.104,3.919,RCW3
2020-07-17 07:00:00,12.334,14.0259,45.104,3.903,RCW3
2020-07-17 07:30:00,12.3307,14.0288,45.104,3.917,RCW3
2020-07-17 08:00:00,12.3266,14.0273,45.104,3.923,RCW3
2020-07-17 08:30:00,12.3314,14.0273,45.104,3.912,RCW3
2020-07-17 09:00:00,12.3346,14.0259,45.104,3.902,RCW3
2020-07-17 09:30:00,12.333,14.023,45.104,3.899,RCW3
2020-07-17 10:00:00,12.3323,14.023,45.104,3.9,RCW3
2020-07-17 10:30:00,12.3272,14.0188,45.104,3.902,RCW3
2020-07-17 11:00:00,12.3289,14.0202,45.104,3.902,RCW3
2020-07-17 11:30:00,12.3288,14.0188,45.104,3.899,RCW3
2020-07-17 12:00:00,12.3292,14.0159,45.104,3.891,RCW3
2020-07-17 12:30:00,12.3257,14.0115,45.104,3.889,RCW3
2020-07-17 13:00:00,12.3182,14.0101,45.104,3.903,RCW3
2020-07-17 13:30:00,12.3195,14.0057,45.104,3.89,RCW3
2020-07-17 14:00:00,12.3159,14.0028,45.104,3.892,RCW3
2020-07-17 14:30:00,12.3231,13.9985,45.104,3.865,RCW3
2020-07-17 15:00:00,12.3091,13.9957,45.104,3.891,RCW3
2020-07-17 15:30:00,12.313,13.9928,45.104,3.875,RCW3
2020-07-17 16:00:00,12.3117,13.9914,45.104,3.875,RCW3
2020-07-17 16:30:00,12.3141,13.987,45.104,3.859,RCW3
2020-07-17 17:00:00,12.306,13.9885,45.104,3.881,RCW3
2020-07-17 17:30:00,12.3125,13.9856,45.104,3.86,RCW3
2020-07-17 18:00:00,12.3089,13.9856,45.104,3.868,RCW3
2020-07-17 18:30:00,12.3136,13.987,45.104,3.86,RCW3
2020-07-17 19:00:00,12.3199,13.9885,45.104,3.849,RCW3
2020-07-17 19:30:00,12.317,13.9899,45.104,3.859,RCW3
2020-07-17 20:00:00,12.3259,13.9914,45.104,3.842,RCW3
2020-07-17 20:30:00,12.3279,13.9972,45.104,3.851,RCW3
2020-07-17 21:00:00,12.3342,13.9972,45.104,3.836,RCW3
2020-07-17 21:30:00,12.3388,14.0028,45.104,3.839,RCW3
2020-07-17 22:00:00,12.3366,14.0028,45.104,3.844,RCW3
2020-07-17 22:30:00,12.3402,14.0043,45.104,3.839,RCW3
2020-07-17 23:00:00,12.345,14.0043,45.104,3.828,RCW3
2020-07-17 23:30:00,12.3369,14.0043,45.104,3.847,RCW3
2020-07-18 00:00:00,12.3426,14.0028,45.104,3.83,RCW3
2020-07-18 00:30:00,12.3445,14.0043,45.104,3.829,RCW3
2020-07-18 01:00:00,12.3459,14.0043,45.104,3.826,RCW3
2020-07-18 01:30:00,12.3472,14.0043,45.104,3.823,RCW3
2020-07-18 02:00:00,12.3449,14.0028,45.104,3.825,RCW3
2020-07-18 02:30:00,12.3472,14.0028,45.104,3.819,RCW3
2020-07-18 03:00:00,12.3449,14.0014,45.104,3.821,RCW3
2020-07-18 03:30:00,12.3471,14.0014,45.104,3.816,RCW3
2020-07-18 04:00:00,12.3447,13.9999,45.104,3.818,RCW3
2020-07-18 04:30:00,12.3474,13.9999,45.104,3.812,RCW3
2020-07-18 05:00:00,12.3505,14.0014,45.104,3.808,RCW3
2020-07-18 05:30:00,12.3532,14.0028,45.104,3.805,RCW3
2020-07-18 06:00:00,12.3521,14.0057,45.104,3.815,RCW3
2020-07-18 06:30:00,12.3568,14.0057,45.104,3.804,RCW3
2020-07-18 07:00:00,12.3629,14.0115,45.104,3.803,RCW3
2020-07-18 07:30:00,12.3677,14.013,45.104,3.796,RCW3
2020-07-18 08:00:00,12.3684,14.0115,45.104,3.79,RCW3
2020-07-18 08:30:00,12.3685,14.0101,45.104,3.787,RCW3
2020-07-18 09:00:00,12.3656,14.0101,45.104,3.794,RCW3
2020-07-18 09:30:00,12.3684,14.012,45.286,3.792,RCW3
2020-07-18 10:00:00,12.3629,14.0076,45.286,3.794,RCW3
2020-07-18 10:30:00,12.3621,14.0061,45.286,3.793,RCW3
2020-07-18 11:00:00,12.3659,14.0091,45.286,3.791,RCW3
2020-07-18 11:30:00,12.365,14.0061,45.286,3.786,RCW3
2020-07-18 12:00:00,12.3624,14.0061,45.286,3.792,RCW3
2020-07-18 12:30:00,12.3632,14.0034,45.286,3.784,RCW3
2020-07-18 13:00:00,12.3594,13.999,45.286,3.782,RCW3
2020-07-18 13:30:00,12.3561,13.9976,45.286,3.787,RCW3
2020-07-18 14:00:00,12.3521,13.9918,45.286,3.783,RCW3
2020-07-18 14:30:00,12.3475,13.9874,45.286,3.783,RCW3
2020-07-18 15:00:00,12.3423,13.9831,45.286,3.785,RCW3
2020-07-18 15:30:00,12.346,13.9803,45.286,3.77,RCW3
2020-07-18 16:00:00,12.3402,13.9774,45.286,3.777,RCW3
2020-07-18 16:30:00,12.3455,13.976,45.286,3.761,RCW3
2020-07-18 17:00:00,12.3373,13.9716,45.286,3.77,RCW3
2020-07-18 17:30:00,12.3392,13.9745,45.286,3.773,RCW3
2020-07-18 18:00:00,12.3398,13.9687,45.286,3.758,RCW3
2020-07-18 18:30:00,12.3381,13.9658,45.286,3.755,RCW3
2020-07-18 19:00:00,12.3368,13.9658,45.286,3.758,RCW3
2020-07-18 19:30:00,12.3363,13.9687,45.286,3.766,RCW3
2020-07-18 20:00:00,12.3417,13.9702,45.286,3.757,RCW3
2020-07-18 20:30:00,12.3481,13.9716,45.286,3.745,RCW3
2020-07-18 21:00:00,12.345,13.9702,45.286,3.749,RCW3
2020-07-18 21:30:00,12.351,13.9731,45.286,3.742,RCW3
2020-07-18 22:00:00,12.3534,13.976,45.286,3.743,RCW3
2020-07-18 22:30:00,12.3571,13.976,45.286,3.735,RCW3
2020-07-18 23:00:00,12.3523,13.9774,45.286,3.749,RCW3
2020-07-18 23:30:00,12.3575,13.9716,45.286,3.724,RCW3
2020-07-19 00:00:00,12.3577,13.9716,45.286,3.723,RCW3
2020-07-19 00:30:00,12.3633,13.9716,45.286,3.71,RCW3
2020-07-19 01:00:00,12.3601,13.9745,45.286,3.724,RCW3
2020-07-19 01:30:00,12.3616,13.9731,45.286,3.718,RCW3
2020-07-19 02:00:00,12.3578,13.9716,45.286,3.723,RCW3
2020-07-19 02:30:00,12.355,13.9687,45.286,3.723,RCW3
2020-07-19 03:00:00,12.3532,13.9687,45.286,3.727,RCW3
2020-07-19 03:30:00,12.3507,13.9644,45.286,3.723,RCW3
2020-07-19 04:00:00,12.3534,13.9658,45.286,3.72,RCW3
2020-07-19 04:30:00,12.3514,13.9629,45.286,3.718,RCW3
2020-07-19 05:00:00,12.3495,13.9615,45.286,3.719,RCW3
2020-07-19 05:30:00,12.3475,13.9615,45.286,3.723,RCW3
2020-07-19 06:00:00,12.3547,13.9629,45.286,3.71,RCW3
2020-07-19 06:30:00,12.3588,13.9644,45.286,3.704,RCW3
2020-07-19 07:00:00,12.3608,13.9658,45.286,3.703,RCW3
2020-07-19 07:30:00,12.3611,13.9658,45.286,3.702,RCW3
2020-07-19 08:00:00,12.3614,13.9644,45.286,3.698,RCW3
2020-07-19 08:30:00,12.3626,13.9644,45.286,3.695,RCW3
2020-07-19 09:00:00,12.3597,13.9629,45.286,3.698,RCW3
2020-07-19 09:30:00,12.3553,13.9629,45.286,3.709,RCW3
2020-07-19 10:00:00,12.3542,13.9586,45.286,3.701,RCW3
2020-07-19 10:30:00,12.3511,13.9571,45.286,3.705,RCW3
2020-07-19 11:00:00,12.351,13.9544,45.286,3.699,RCW3
2020-07-19 11:30:00,12.3517,13.9544,45.286,3.697,RCW3
2020-07-19 12:00:00,12.3475,13.9515,45.286,3.7,RCW3
2020-07-19 12:30:00,12.3453,13.9486,45.286,3.699,RCW3
2020-07-19 13:00:00,12.3381,13.9457,45.286,3.709,RCW3
2020-07-19 13:30:00,12.3424,13.9428,45.286,3.692,RCW3
2020-07-19 14:00:00,12.3385,13.9399,45.286,3.694,RCW3
2020-07-19 14:30:00,12.3339,13.9355,45.286,3.695,RCW3
2020-07-19 15:00:00,12.332,13.9326,45.286,3.692,RCW3
2020-07-19 15:30:00,12.3362,13.927,45.286,3.67,RCW3
2020-07-19 16:00:00,12.3299,13.9255,45.286,3.681,RCW3
2020-07-19 16:30:00,12.3302,13.9226,45.286,3.674,RCW3
2020-07-19 17:00:00,12.3333,13.9226,45.286,3.666,RCW3
2020-07-19 17:30:00,12.3256,13.9197,45.286,3.677,RCW3
2020-07-19 18:00:00,12.3257,13.9183,45.286,3.674,RCW3
2020-07-19 18:30:00,12.3215,13.9154,45.286,3.677,RCW3
2020-07-19 19:00:00,12.3321,13.9154,45.286,3.653,RCW3
2020-07-19 19:30:00,12.3334,13.9197,45.286,3.659,RCW3
2020-07-19 20:00:00,12.3369,13.9226,45.286,3.658,RCW3
2020-07-19 20:30:00,12.3346,13.9241,45.286,3.667,RCW3
2020-07-19 21:00:00,12.34,13.927,45.286,3.661,RCW3
2020-07-19 21:30:00,12.3446,13.9326,45.286,3.663,RCW3
2020-07-19 22:00:00,12.3462,13.9341,45.286,3.663,RCW3
2020-07-19 22:30:00,12.3545,13.937,45.286,3.651,RCW3
2020-07-19 23:00:00,12.3543,13.9341,45.286,3.644,RCW3
2020-07-19 23:30:00,12.3545,13.9384,45.286,3.654,RCW3
2020-07-20 00:00:00,12.3508,13.9355,45.286,3.656,RCW3
2020-07-20 00:30:00,12.3565,13.937,45.286,3.646,RCW3
2020-07-20 01:00:00,12.3533,13.9326,45.286,3.643,RCW3
2020-07-20 01:30:00,12.3505,13.9326,45.286,3.65,RCW3
2020-07-20 02:00:00,12.3563,13.9299,45.286,3.63,RCW3
2020-07-20 02:30:00,12.354,13.9299,45.286,3.635,RCW3
2020-07-20 03:00:00,12.3517,13.9284,45.286,3.637,RCW3
2020-07-20 03:30:00,12.3543,13.927,45.286,3.628,RCW3
2020-07-20 04:00:00,12.3524,13.927,45.286,3.632,RCW3
2020-07-20 04:30:00,12.351,13.927,45.286,3.636,RCW3
2020-07-20 05:00:00,12.3495,13.9241,45.286,3.632,RCW3
2020-07-20 05:30:00,12.3572,13.9226,45.286,3.611,RCW3
2020-07-20 06:00:00,12.3558,13.9255,45.286,3.621,RCW3
2020-07-20 06:30:00,12.3604,13.927,45.286,3.614,RCW3
2020-07-20 07:00:00,12.3582,13.9255,45.286,3.616,RCW3
2020-07-20 07:30:00,12.359,13.927,45.286,3.617,RCW3
2020-07-20 08:00:00,12.3546,13.927,45.286,3.627,RCW3
2020-07-20 08:30:00,12.3561,13.9255,45.286,3.62,RCW3
2020-07-20 09:00:00,12.3563,13.9241,45.286,3.617,RCW3
2020-07-20 09:30:00,12.3546,13.9197,45.286,3.611,RCW3
2020-07-20 10:00:00,12.3542,13.9183,45.286,3.608,RCW3
2020-07-20 10:30:00,12.3549,13.9154,45.286,3.6,RCW3
2020-07-20 11:00:00,12.3466,13.9116,45.466,3.61,RCW3
2020-07-20 11:30:00,12.3476,13.9101,45.466,3.605,RCW3
2020-07-20 12:00:00,12.3391,13.9043,45.466,3.611,RCW3
2020-07-20 12:30:00,12.3355,13.8985,45.466,3.606,RCW3
2020-07-20 13:00:00,12.3308,13.8971,45.466,3.613,RCW3
2020-07-20 13:30:00,12.3244,13.8913,45.466,3.615,RCW3
2020-07-20 14:00:00,12.3231,13.8856,45.466,3.605,RCW3
2020-07-20 14:30:00,12.3136,13.8827,45.466,3.62,RCW3
2020-07-20 15:00:00,12.3183,13.8755,45.466,3.592,RCW3
2020-07-20 15:30:00,12.3091,13.8711,45.466,3.603,RCW3
2020-07-20 16:00:00,12.3094,13.8682,45.466,3.596,RCW3
2020-07-20 16:30:00,12.3088,13.8668,45.466,3.594,RCW3
2020-07-20 17:00:00,12.3114,13.8655,45.466,3.585,RCW3
2020-07-20 17:30:00,12.3041,13.8582,45.466,3.585,RCW3
2020-07-20 18:00:00,12.3011,13.8568,45.466,3.589,RCW3
2020-07-20 18:30:00,12.3075,13.8582,45.466,3.577,RCW3
2020-07-20 19:00:00,12.3086,13.8597,45.466,3.578,RCW3
2020-07-20 19:30:00,12.3172,13.8597,45.466,3.558,RCW3
2020-07-20 20:00:00,12.3188,13.8626,45.466,3.561,RCW3
2020-07-20 20:30:00,12.3227,13.8682,45.466,3.565,RCW3
2020-07-20 21:00:00,12.3363,13.8755,45.466,3.551,RCW3
2020-07-20 21:30:00,12.3431,13.8798,45.466,3.545,RCW3
2020-07-20 22:00:00,12.3407,13.8784,45.466,3.547,RCW3
2020-07-20 22:30:00,12.3318,13.874,45.466,3.558,RCW3
2020-07-20 23:00:00,12.3239,13.8626,45.466,3.55,RCW3
2020-07-20 23:30:00,12.3194,13.8582,45.466,3.55,RCW3
2020-07-21 00:00:00,12.3162,13.8582,45.466,3.557,RCW3
2020-07-21 00:30:00,12.3178,13.8553,45.466,3.547,RCW3
2020-07-21 01:00:00,12.3165,13.8539,45.466,3.547,RCW3
2020-07-21 01:30:00,12.3214,13.8582,45.466,3.545,RCW3
2020-07-21 02:00:00,12.3211,13.8568,45.466,3.543,RCW3
2020-07-21 02:30:00,12.3176,13.8553,45.466,3.547,RCW3
2020-07-21 03:00:00,12.3186,13.851,45.466,3.535,RCW3
2020-07-21 03:30:00,12.316,13.851,45.466,3.541,RCW3
2020-07-21 04:00:00,12.3183,13.8495,45.466,3.532,RCW3
2020-07-21 04:30:00,12.3156,13.8495,45.466,3.539,RCW3
2020-07-21 05:00:00,12.3133,13.8466,45.466,3.537,RCW3
2020-07-21 05:30:00,12.3063,13.8424,45.466,3.544,RCW3
2020-07-21 06:00:00,12.3095,13.8437,45.466,3.539,RCW3
2020-07-21 06:30:00,12.3091,13.8424,45.466,3.537,RCW3
2020-07-21 07:00:00,12.315,13.8437,45.466,3.527,RCW3
2020-07-21 07:30:00,12.3109,13.8424,45.466,3.533,RCW3
2020-07-21 08:00:00,12.3099,13.8424,45.466,3.535,RCW3
2020-07-21 08:30:00,12.3143,13.8424,45.466,3.525,RCW3
2020-07-21 09:00:00,12.3124,13.8366,45.466,3.516,RCW3
2020-07-21 09:30:00,12.3072,13.8351,45.466,3.525,RCW3
2020-07-21 10:00:00,12.3098,13.8337,45.466,3.516,RCW3
2020-07-21 10:30:00,12.3056,13.8322,45.466,3.522,RCW3
2020-07-21 11:00:00,12.3027,13.8279,45.466,3.519,RCW3
2020-07-21 11:30:00,12.2919,13.8235,45.466,3.533,RCW3
2020-07-21 12:00:00,12.2959,13.8206,45.466,3.517,RCW3
2020-07-21 12:30:00,12.2948,13.8193,45.466,3.517,RCW3
2020-07-21 13:00:00,12.2872,13.815,45.466,3.525,RCW3
2020-07-21 13:30:00,12.2815,13.8077,45.466,3.521,RCW3
2020-07-21 14:00:00,12.2773,13.8019,45.466,3.517,RCW3
2020-07-21 14:30:00,12.2761,13.799,45.466,3.513,RCW3
2020-07-21 15:00:00,12.2685,13.7919,45.466,3.514,RCW3
2020-07-21 15:30:00,12.2635,13.789,45.466,3.519,RCW3
2020-07-21 16:00:00,12.2629,13.7847,45.466,3.511,RCW3
2020-07-21 16:30:00,12.2661,13.7861,45.466,3.507,RCW3
2020-07-21 17:00:00,12.2653,13.7818,45.466,3.498,RCW3
2020-07-21 17:30:00,12.2589,13.7803,45.466,3.51,RCW3
2020-07-21 18:00:00,12.2613,13.7818,45.466,3.508,RCW3
2020-07-21 18:30:00,12.2709,13.7861,45.466,3.495,RCW3
2020-07-21 19:00:00,12.2706,13.7832,45.466,3.489,RCW3
2020-07-21 19:30:00,12.2689,13.7876,45.466,3.504,RCW3
2020-07-21 20:00:00,12.2709,13.7832,45.466,3.489,RCW3
2020-07-21 20:30:00,12.2679,13.7774,45.466,3.482,RCW3
2020-07-21 21:00:00,12.2674,13.7789,45.466,3.487,RCW3
2020-07-21 21:30:00,12.2714,13.7847,45.466,3.491,RCW3
2020-07-21 22:00:00,12.2793,13.7919,45.466,3.489,RCW3
2020-07-21 22:30:00,12.2838,13.7948,45.466,3.486,RCW3
2020-07-21 23:00:00,12.2818,13.7934,45.466,3.487,RCW3
2020-07-21 23:30:00,12.2834,13.7934,45.466,3.483,RCW3
2020-07-22 00:00:00,12.2753,13.7876,45.466,3.489,RCW3
2020-07-22 00:30:00,12.276,13.7832,45.466,3.477,RCW3
2020-07-22 01:00:00,12.2812,13.7861,45.466,3.472,RCW3
2020-07-22 01:30:00,12.2822,13.7861,45.466,3.469,RCW3
2020-07-22 02:00:00,12.275,13.7832,45.466,3.479,RCW3
2020-07-22 02:30:00,12.2722,13.7803,45.466,3.479,RCW3
2020-07-22 03:00:00,12.2745,13.776,45.466,3.464,RCW3
2020-07-22 03:30:00,12.2682,13.7747,45.466,3.475,RCW3
2020-07-22 04:00:00,12.2705,13.7732,45.466,3.467,RCW3
2020-07-22 04:30:00,12.2682,13.7703,45.466,3.465,RCW3
2020-07-22 05:00:00,12.2708,13.7747,45.466,3.469,RCW3
2020-07-22 05:30:00,12.2644,13.7732,45.466,3.481,RCW3
2020-07-22 06:00:00,12.268,13.7718,45.466,3.469,RCW3
2020-07-22 06:30:00,12.2634,13.7689,45.466,3.473,RCW3
2020-07-22 07:00:00,12.2658,13.7689,45.466,3.468,RCW3
2020-07-22 07:30:00,12.2741,13.7689,45.466,3.448,RCW3
2020-07-22 08:00:00,12.2712,13.7689,45.466,3.455,RCW3
2020-07-22 08:30:00,12.2716,13.7689,45.466,3.454,RCW3
2020-07-22 09:00:00,12.2689,13.7674,45.466,3.457,RCW3
2020-07-22 09:30:00,12.2708,13.766,45.466,3.449,RCW3
2020-07-22 10:00:00,12.27,13.7664,45.648,3.452,RCW3
2020-07-22 10:30:00,12.2709,13.7664,45.648,3.45,RCW3
2020-07-22 11:00:00,12.2754,13.7645,45.466,3.435,RCW3
2020-07-22 11:30:00,12.2735,13.7635,45.648,3.437,RCW3
2020-07-22 12:00:00,12.2747,13.7635,45.648,3.435,RCW3
2020-07-22 12:30:00,12.2706,13.7621,45.648,3.441,RCW3
2020-07-22 13:00:00,12.267,13.7578,45.648,3.439,RCW3
2020-07-22 13:30:00,12.2577,13.7487,45.466,3.44,RCW3
2020-07-22 14:00:00,12.2534,13.7462,45.648,3.444,RCW3
2020-07-22 14:30:00,12.2571,13.7462,45.648,3.435,RCW3
2020-07-22 15:00:00,12.255,13.7419,45.648,3.43,RCW3
2020-07-22 15:30:00,12.264,13.7491,45.648,3.426,RCW3
2020-07-22 16:00:00,12.2693,13.7549,45.648,3.427,RCW3
2020-07-22 16:30:00,12.2725,13.7549,45.648,3.42,RCW3
2020-07-22 17:00:00,12.2628,13.7491,45.648,3.429,RCW3
2020-07-22 17:30:00,12.2673,13.7491,45.648,3.418,RCW3
2020-07-22 18:00:00,12.2651,13.7477,45.648,3.42,RCW3
2020-07-22 18:30:00,12.2689,13.752,45.648,3.421,RCW3
2020-07-22 19:00:00,12.2731,13.752,45.648,3.412,RCW3
2020-07-22 19:30:00,12.2719,13.7506,45.648,3.411,RCW3
2020-07-22 20:00:00,12.2757,13.7549,45.648,3.412,RCW3
2020-07-22 20:30:00,12.2793,13.7535,45.648,3.401,RCW3
2020-07-22 21:00:00,12.2793,13.7564,45.648,3.408,RCW3
2020-07-22 21:30:00,12.2809,13.7564,45.648,3.404,RCW3
2020-07-22 22:00:00,12.279,13.7592,45.648,3.415,RCW3
2020-07-22 22:30:00,12.2785,13.7592,45.648,3.416,RCW3
2020-07-22 23:00:00,12.2841,13.7578,45.648,3.4,RCW3
2020-07-22 23:30:00,12.2805,13.7578,45.648,3.408,RCW3
2020-07-23 00:00:00,12.2815,13.7578,45.648,3.406,RCW3
2020-07-23 00:30:00,12.2866,13.7592,45.648,3.397,RCW3
2020-07-23 01:00:00,12.2875,13.7606,45.648,3.398,RCW3
2020-07-23 01:30:00,12.2892,13.7635,45.648,3.401,RCW3
2020-07-23 02:00:00,12.2919,13.7606,45.648,3.388,RCW3
2020-07-23 02:30:00,12.2854,13.765,45.648,3.413,RCW3
2020-07-23 03:00:00,12.288,13.7592,45.648,3.394,RCW3
2020-07-23 03:30:00,12.2811,13.7564,45.648,3.403,RCW3
2020-07-23 04:00:00,12.2792,13.7549,45.648,3.404,RCW3
2020-07-23 04:30:00,12.2863,13.7564,45.648,3.391,RCW3
2020-07-23 05:00:00,12.2885,13.7549,45.648,3.383,RCW3
2020-07-23 05:30:00,12.2818,13.7564,45.648,3.402,RCW3
2020-07-23 06:00:00,12.2895,13.7578,45.648,3.387,RCW3
2020-07-23 06:30:00,12.2895,13.7606,45.648,3.394,RCW3
2020-07-23 07:00:00,12.2915,13.7606,45.648,3.389,RCW3
2020-07-23 07:30:00,12.2966,13.7592,45.648,3.374,RCW3
2020-07-23 08:00:00,12.2956,13.7606,45.648,3.38,RCW3
2020-07-23 08:30:00,12.2998,13.7592,45.648,3.367,RCW3
2020-07-23 09:00:00,12.3007,13.7564,45.648,3.358,RCW3
2020-07-23 09:30:00,12.2973,13.7578,45.648,3.369,RCW3
2020-07-23 10:00:00,12.297,13.7549,45.648,3.363,RCW3
2020-07-23 10:30:00,12.2953,13.7549,45.648,3.367,RCW3
2020-07-23 11:00:00,12.3002,13.752,45.648,3.349,RCW3
2020-07-23 11:30:00,12.2988,13.752,45.648,3.352,RCW3
2020-07-23 12:00:00,12.2901,13.7491,45.648,3.366,RCW3
2020-07-23 12:30:00,12.2925,13.7448,45.648,3.35,RCW3
2020-07-23 13:00:00,12.2859,13.7448,45.648,3.366,RCW3
2020-07-23 13:30:00,12.2899,13.7419,45.648,3.35,RCW3
2020-07-23 14:00:00,12.2857,13.739,45.648,3.353,RCW3
2020-07-23 14:30:00,12.2847,13.7375,45.648,3.352,RCW3
2020-07-23 15:00:00,12.2821,13.7375,45.648,3.358,RCW3
2020-07-23 15:30:00,12.2801,13.7319,45.648,3.349,RCW3
2020-07-23 16:00:00,12.2834,13.7304,45.648,3.338,RCW3
2020-07-23 16:30:00,12.2795,13.7275,45.648,3.34,RCW3
2020-07-23 17:00:00,12.2795,13.7261,45.648,3.337,RCW3
2020-07-23 17:30:00,12.2802,13.7232,45.648,3.329,RCW3
2020-07-23 18:00:00,12.279,13.7203,45.648,3.325,RCW3
2020-07-23 18:30:00,12.2825,13.7232,45.648,3.324,RCW3
2020-07-23 19:00:00,12.2827,13.7246,45.648,3.326,RCW3
2020-07-23 19:30:00,12.2798,13.7246,45.648,3.333,RCW3
2020-07-23 20:00:00,12.2863,13.7246,45.648,3.318,RCW3
2020-07-23 20:30:00,12.2832,13.7232,45.648,3.322,RCW3
2020-07-23 21:00:00,12.2869,13.7261,45.648,3.32,RCW3
2020-07-23 21:30:00,12.2973,13.7333,45.648,3.313,RCW3
2020-07-23 22:00:00,12.2998,13.7361,45.648,3.313,RCW3
2020-07-23 22:30:00,12.3017,13.7404,45.648,3.319,RCW3
2020-07-23 23:00:00,12.3047,13.739,45.648,3.309,RCW3
2020-07-23 23:30:00,12.3049,13.739,45.648,3.308,RCW3
2020-07-24 00:00:00,12.3059,13.739,45.648,3.306,RCW3
2020-07-24 00:30:00,12.3031,13.7419,45.648,3.319,RCW3
2020-07-24 01:00:00,12.3054,13.739,45.648,3.307,RCW3
2020-07-24 01:30:00,12.3078,13.739,45.648,3.302,RCW3
2020-07-24 02:00:00,12.3095,13.7348,45.648,3.288,RCW3
2020-07-24 02:30:00,12.3067,13.7333,45.648,3.291,RCW3
2020-07-24 03:00:00,12.3047,13.7304,45.648,3.289,RCW3
2020-07-24 03:30:00,12.3024,13.7304,45.648,3.294,RCW3
2020-07-24 04:00:00,12.3041,13.7319,45.648,3.294,RCW3
2020-07-24 04:30:00,12.3021,13.7304,45.648,3.295,RCW3
2020-07-24 05:00:00,12.3047,13.7304,45.648,3.289,RCW3
2020-07-24 05:30:00,12.3033,13.7319,45.648,3.296,RCW3
2020-07-24 06:00:00,12.3063,13.7333,45.648,3.292,RCW3
2020-07-24 06:30:00,12.3059,13.7361,45.648,3.299,RCW3
2020-07-24 07:00:00,12.3079,13.7375,45.648,3.298,RCW3
2020-07-24 07:30:00,12.3086,13.7361,45.648,3.293,RCW3
2020-07-24 08:00:00,12.3131,13.7375,45.648,3.286,RCW3
2020-07-24 08:30:00,12.3159,13.7361,45.648,3.276,RCW3
2020-07-24 09:00:00,12.314,13.7375,45.648,3.284,RCW3
2020-07-24 09:30:00,12.3111,13.7333,45.648,3.281,RCW3
2020-07-24 10:00:00,12.3053,13.729,45.648,3.284,RCW3
2020-07-24 10:30:00,12.3073,13.729,45.648,3.28,RCW3
2020-07-24 11:00:00,12.3111,13.729,45.648,3.271,RCW3
2020-07-24 11:30:00,12.3112,13.7275,45.648,3.267,RCW3
2020-07-24 12:00:00,12.3075,13.7275,45.648,3.276,RCW3
2020-07-24 12:30:00,12.3091,13.7261,45.648,3.269,RCW3
2020-07-24 13:00:00,12.3009,13.7246,45.648,3.284,RCW3
2020-07-24 13:30:00,12.2983,13.7174,45.648,3.274,RCW3
2020-07-24 14:00:00,12.2988,13.7145,45.648,3.266,RCW3
2020-07-24 14:30:00,12.2914,13.7117,45.648,3.277,RCW3
2020-07-24 15:00:00,12.2909,13.7074,45.648,3.268,RCW3
2020-07-24 15:30:00,12.2899,13.7059,45.648,3.267,RCW3
2020-07-24 16:00:00,12.2893,13.7074,45.648,3.271,RCW3
2020-07-24 16:30:00,12.2892,13.7016,45.648,3.258,RCW3
2020-07-24 17:00:00,12.2838,13.7001,45.648,3.267,RCW3
2020-07-24 17:30:00,12.287,13.6958,45.648,3.25,RCW3
2020-07-24 18:00:00,12.288,13.6943,45.648,3.244,RCW3
2020-07-24 18:30:00,12.2904,13.6958,45.648,3.242,RCW3
2020-07-24 19:00:00,12.2921,13.7001,45.648,3.248,RCW3
2020-07-24 19:30:00,12.2976,13.7016,45.648,3.239,RCW3
2020-07-24 20:00:00,12.2996,13.7064,45.828,3.245,RCW3
2020-07-24 20:30:00,12.3008,13.7078,45.828,3.246,RCW3
2020-07-24 21:00:00,12.3044,13.7151,45.828,3.254,RCW3
2020-07-24 21:30:00,12.3128,13.718,45.828,3.242,RCW3
2020-07-24 22:00:00,12.3144,13.7207,45.828,3.244,RCW3
2020-07-24 22:30:00,12.3167,13.7222,45.828,3.242,RCW3
2020-07-24 23:00:00,12.3162,13.7207,45.828,3.24,RCW3
2020-07-24 23:30:00,12.321,13.7207,45.828,3.229,RCW3
2020-07-25 00:00:00,12.3173,13.7207,45.828,3.238,RCW3
2020-07-25 00:30:00,12.3183,13.7194,45.828,3.232,RCW3
2020-07-25 01:00:00,12.3192,13.7194,45.828,3.23,RCW3
2020-07-25 01:30:00,12.3165,13.718,45.828,3.233,RCW3
2020-07-25 02:00:00,12.3233,13.718,45.828,3.218,RCW3
2020-07-25 02:30:00,12.3159,13.718,45.828,3.235,RCW3
2020-07-25 03:00:00,12.3223,13.7151,45.828,3.213,RCW3
2020-07-25 03:30:00,12.3147,13.7136,45.828,3.227,RCW3
2020-07-25 04:00:00,12.3215,13.7136,45.828,3.212,RCW3
2020-07-25 04:30:00,12.3199,13.7151,45.828,3.219,RCW3
2020-07-25 05:00:00,12.3181,13.7151,45.828,3.223,RCW3
2020-07-25 05:30:00,12.3207,13.7151,45.828,3.217,RCW3
2020-07-25 06:00:00,12.3191,13.7151,45.828,3.221,RCW3
2020-07-25 06:30:00,12.3237,13.718,45.828,3.217,RCW3
2020-07-25 07:00:00,12.3252,13.7194,45.828,3.216,RCW3
2020-07-25 07:30:00,12.325,13.7194,45.828,3.217,RCW3
2020-07-25 08:00:00,12.325,13.718,45.828,3.214,RCW3
2020-07-25 08:30:00,12.3246,13.718,45.828,3.215,RCW3
2020-07-25 09:00:00,12.3215,13.7151,45.828,3.215,RCW3
2020-07-25 09:30:00,12.3262,13.7151,45.828,3.204,RCW3
2020-07-25 10:00:00,12.3313,13.7122,45.828,3.186,RCW3
2020-07-25 10:30:00,12.3186,13.7107,45.828,3.212,RCW3
2020-07-25 11:00:00,12.3253,13.7107,45.828,3.196,RCW3
2020-07-25 11:30:00,12.3243,13.7078,45.828,3.192,RCW3
2020-07-25 12:00:00,12.3228,13.7078,45.828,3.195,RCW3
2020-07-25 12:30:00,12.3218,13.7035,45.828,3.188,RCW3
2020-07-25 13:00:00,12.3141,13.6991,45.828,3.195,RCW3
2020-07-25 13:30:00,12.317,13.6963,45.828,3.182,RCW3
2020-07-25 14:00:00,12.3108,13.6949,45.828,3.193,RCW3
2020-07-25 14:30:00,12.3108,13.6949,45.828,3.193,RCW3
2020-07-25 15:00:00,12.3078,13.692,45.828,3.193,RCW3
2020-07-25 15:30:00,12.3036,13.6876,45.828,3.193,RCW3
2020-07-25 16:00:00,12.3079,13.6847,45.828,3.176,RCW3
2020-07-25 16:30:00,12.3091,13.6833,45.828,3.17,RCW3
2020-07-25 17:00:00,12.3091,13.6804,45.828,3.164,RCW3
2020-07-25 17:30:00,12.3091,13.6789,45.828,3.16,RCW3
2020-07-25 18:00:00,12.3078,13.676,45.828,3.156,RCW3
2020-07-25 18:30:00,12.3098,13.6775,45.828,3.155,RCW3
2020-07-25 19:00:00,12.3131,13.6818,45.828,3.158,RCW3
2020-07-25 19:30:00,12.3115,13.6818,45.828,3.161,RCW3
2020-07-25 20:00:00,12.3183,13.6862,45.828,3.156,RCW3
2020-07-25 20:30:00,12.3147,13.6847,45.828,3.161,RCW3
2020-07-25 21:00:00,12.3215,13.6891,45.828,3.155,RCW3
2020-07-25 21:30:00,12.3275,13.6934,45.828,3.151,RCW3
2020-07-25 22:00:00,12.3353,13.6963,45.828,3.14,RCW3
2020-07-25 22:30:00,12.3385,13.6977,45.828,3.136,RCW3
2020-07-25 23:00:00,12.3382,13.6963,45.828,3.133,RCW3
2020-07-25 23:30:00,12.3384,13.6977,45.828,3.136,RCW3
2020-07-26 00:00:00,12.3394,13.6977,45.828,3.134,RCW3
2020-07-26 00:30:00,12.3408,13.7006,45.828,3.137,RCW3
2020-07-26 01:00:00,12.3423,13.6991,45.828,3.13,RCW3
2020-07-26 01:30:00,12.3394,13.6963,45.828,3.13,RCW3
2020-07-26 02:00:00,12.3366,13.6963,45.828,3.137,RCW3
2020-07-26 02:30:00,12.3384,13.6991,45.828,3.139,RCW3
2020-07-26 03:00:00,12.3447,13.6991,45.828,3.125,RCW3
2020-07-26 03:30:00,12.3469,13.6977,45.828,3.116,RCW3
2020-07-26 04:00:00,12.3408,13.6977,45.828,3.13,RCW3
2020-07-26 04:30:00,12.3394,13.6991,45.828,3.137,RCW3
2020-07-26 05:00:00,12.342,13.6991,45.828,3.131,RCW3
2020-07-26 05:30:00,12.3497,13.6991,45.828,3.113,RCW3
2020-07-26 06:00:00,12.3476,13.7006,45.828,3.121,RCW3
2020-07-26 06:30:00,12.3476,13.7006,45.828,3.121,RCW3
2020-07-26 07:00:00,12.346,13.7006,45.828,3.125,RCW3
2020-07-26 07:30:00,12.3463,13.6991,45.828,3.121,RCW3
2020-07-26 08:00:00,12.3413,13.6991,45.828,3.132,RCW3
2020-07-26 08:30:00,12.3452,13.6991,45.828,3.123,RCW3
2020-07-26 09:00:00,12.3504,13.6977,45.828,3.108,RCW3
2020-07-26 09:30:00,12.345,13.6963,45.828,3.117,RCW3
2020-07-26 10:00:00,12.3482,13.6977,45.828,3.113,RCW3
2020-07-26 10:30:00,12.3456,13.6949,45.828,3.113,RCW3
2020-07-26 11:00:00,12.3475,13.6934,45.828,3.105,RCW3
2020-07-26 11:30:00,12.3458,13.6891,45.828,3.099,RCW3
2020-07-26 12:00:00,12.3424,13.6862,45.828,3.1,RCW3
2020-07-26 12:30:00,12.3359,13.6804,45.828,3.102,RCW3
2020-07-26 13:00:00,12.3304,13.6775,45.828,3.108,RCW3
2020-07-26 13:30:00,12.3307,13.6747,45.828,3.101,RCW3
2020-07-26 14:00:00,12.3257,13.6704,45.828,3.102,RCW3
2020-07-26 14:30:00,12.3123,13.6675,45.828,3.126,RCW3
2020-07-26 15:00:00,12.3146,13.6631,45.828,3.111,RCW3
2020-07-26 15:30:00,12.3299,13.6689,45.828,3.089,RCW3
2020-07-26 16:00:00,12.3236,13.6646,45.828,3.094,RCW3
2020-07-26 16:30:00,12.3256,13.6602,45.828,3.079,RCW3
2020-07-26 17:00:00,12.3234,13.6646,45.828,3.094,RCW3
2020-07-26 17:30:00,12.322,13.6631,45.828,3.094,RCW3
2020-07-26 18:00:00,12.3275,13.6675,45.828,3.091,RCW3
2020-07-26 18:30:00,12.3318,13.6689,45.828,3.085,RCW3
2020-07-26 19:00:00,12.3313,13.666,45.828,3.079,RCW3
2020-07-26 19:30:00,12.3523,13.6847,45.828,3.074,RCW3
2020-07-26 20:00:00,12.3503,13.6876,45.828,3.085,RCW3
2020-07-26 20:30:00,12.3497,13.6862,45.828,3.083,RCW3
2020-07-26 21:00:00,12.3468,13.6847,45.828,3.086,RCW3
2020-07-26 21:30:00,12.3465,13.6775,45.828,3.071,RCW3
2020-07-26 22:00:00,12.3659,13.6977,45.828,3.072,RCW3
2020-07-26 22:30:00,12.3601,13.6905,45.828,3.069,RCW3
2020-07-26 23:00:00,12.3559,13.6934,45.828,3.086,RCW3
2020-07-26 23:30:00,12.3413,13.6789,45.828,3.086,RCW3
2020-07-27 00:00:00,12.3439,13.676,45.828,3.073,RCW3
2020-07-27 00:30:00,12.3488,13.6789,45.828,3.068,RCW3
2020-07-27 01:00:00,12.3395,13.6747,45.828,3.08,RCW3
2020-07-27 01:30:00,12.3408,13.6718,45.828,3.071,RCW3
2020-07-27 02:00:00,12.3416,13.6718,45.828,3.069,RCW3
2020-07-27 02:30:00,12.3343,13.6646,45.828,3.069,RCW3
2020-07-27 03:00:00,12.3368,13.666,45.828,3.066,RCW3
2020-07-27 03:30:00,12.3295,13.6617,45.828,3.073,RCW3
2020-07-27 04:00:00,12.3369,13.6617,45.828,3.056,RCW3
2020-07-27 04:30:00,12.331,13.6559,45.828,3.056,RCW3
2020-07-27 05:00:00,12.3324,13.6573,45.828,3.056,RCW3
2020-07-27 05:30:00,12.3275,13.6559,45.828,3.065,RCW3
2020-07-27 06:00:00,12.3321,13.6588,45.828,3.061,RCW3
2020-07-27 06:30:00,12.3339,13.6588,45.828,3.056,RCW3
2020-07-27 07:00:00,12.3385,13.6602,45.828,3.049,RCW3
2020-07-27 07:30:00,12.3372,13.6617,45.828,3.056,RCW3
2020-07-27 08:00:00,12.3339,13.6588,45.828,3.056,RCW3
2020-07-27 08:30:00,12.3347,13.6573,45.828,3.051,RCW3
2020-07-27 09:00:00,12.3384,13.6602,45.828,3.049,RCW3
2020-07-27 09:30:00,12.3398,13.6573,45.828,3.039,RCW3
2020-07-27 10:00:00,12.3356,13.6531,45.828,3.039,RCW3
2020-07-27 10:30:00,12.3323,13.6531,45.828,3.047,RCW3
2020-07-27 11:00:00,12.3273,13.6502,45.828,3.052,RCW3
2020-07-27 11:30:00,12.3314,13.6473,45.828,3.036,RCW3
2020-07-27 12:00:00,12.3266,13.643,45.828,3.037,RCW3
2020-07-27 12:30:00,12.316,13.643,45.828,3.061,RCW3
2020-07-27 13:00:00,12.3179,13.6372,45.828,3.044,RCW3
2020-07-27 13:30:00,12.3091,13.6301,45.828,3.048,RCW3
2020-07-27 14:00:00,12.3033,13.6262,46.008,3.052,RCW3
2020-07-27 14:30:00,12.2983,13.6199,45.828,3.049,RCW3
2020-07-27 15:00:00,12.2924,13.6161,46.008,3.054,RCW3
2020-07-27 15:30:00,12.3102,13.6232,46.008,3.029,RCW3
2020-07-27 16:00:00,12.3256,13.6478,46.008,3.05,RCW3
2020-07-27 16:30:00,12.3476,13.6594,46.008,3.026,RCW3
2020-07-27 17:00:00,12.3546,13.6679,46.008,3.03,RCW3
2020-07-27 17:30:00,12.3479,13.6636,46.008,3.035,RCW3
2020-07-27 18:00:00,12.34,13.6507,46.008,3.024,RCW3
2020-07-27 18:30:00,12.3244,13.6449,46.008,3.046,RCW3
2020-07-27 19:00:00,12.3165,13.6291,46.008,3.028,RCW3
2020-07-27 19:30:00,12.3228,13.6305,46.008,3.017,RCW3
2020-07-27 20:00:00,12.3273,13.6363,46.008,3.02,RCW3
2020-07-27 20:30:00,12.3281,13.6363,46.008,3.018,RCW3
2020-07-27 21:00:00,12.322,13.6378,46.008,3.036,RCW3
2020-07-27 21:30:00,12.3318,13.6434,46.008,3.026,RCW3
2020-07-27 22:00:00,12.3426,13.6449,46.008,3.004,RCW3
2020-07-27 22:30:00,12.3394,13.6449,46.008,3.012,RCW3
2020-07-27 23:00:00,12.3372,13.6434,46.008,3.013,RCW3
2020-07-27 23:30:00,12.3385,13.6434,46.008,3.01,RCW3
2020-07-28 00:00:00,12.3357,13.6434,46.008,3.017,RCW3
2020-07-28 00:30:00,12.333,13.6405,46.008,3.016,RCW3
2020-07-28 01:00:00,12.3311,13.6363,46.008,3.011,RCW3
2020-07-28 01:30:00,12.3333,13.6349,46.008,3.003,RCW3
2020-07-28 02:00:00,12.3217,13.632,46.008,3.023,RCW3
2020-07-28 02:30:00,12.3289,13.6291,46.008,3,RCW3
2020-07-28 03:00:00,12.323,13.6247,46.008,3.003,RCW3
2020-07-28 03:30:00,12.321,13.6262,46.008,3.011,RCW3
2020-07-28 04:00:00,12.3241,13.6247,46.008,3,RCW3
2020-07-28 04:30:00,12.3226,13.6262,46.008,3.007,RCW3
2020-07-28 05:00:00,12.3262,13.6262,46.008,2.999,RCW3
2020-07-28 05:30:00,12.3247,13.6276,46.008,3.006,RCW3
2020-07-28 06:00:00,12.3328,13.6276,46.008,2.987,RCW3
2020-07-28 06:30:00,12.3318,13.6276,46.008,2.989,RCW3
2020-07-28 07:00:00,12.3288,13.6291,46.008,3,RCW3
2020-07-28 07:30:00,12.3373,13.6305,46.008,2.983,RCW3
2020-07-28 08:00:00,12.3365,13.6305,46.008,2.985,RCW3
2020-07-28 08:30:00,12.3321,13.6276,46.008,2.989,RCW3
2020-07-28 09:00:00,12.3368,13.6247,46.008,2.971,RCW3
2020-07-28 09:30:00,12.3366,13.6232,46.008,2.968,RCW3
2020-07-28 10:00:00,12.3373,13.6232,46.008,2.967,RCW3
2020-07-28 10:30:00,12.3311,13.6218,46.008,2.978,RCW3
2020-07-28 11:00:00,12.3346,13.6189,46.008,2.963,RCW3
2020-07-28 11:30:00,12.3314,13.6189,46.008,2.97,RCW3
2020-07-28 12:00:00,12.3301,13.6189,46.008,2.973,RCW3
2020-07-28 12:30:00,12.3285,13.6147,46.008,2.967,RCW3
2020-07-28 13:00:00,12.3304,13.6103,46.008,2.953,RCW3
2020-07-28 13:30:00,12.3198,13.6074,46.008,2.97,RCW3
2020-07-28 14:00:00,12.3239,13.606,46.008,2.958,RCW3
2020-07-28 14:30:00,12.3146,13.6016,46.008,2.969,RCW3
2020-07-28 15:00:00,12.3089,13.596,46.008,2.969,RCW3
2020-07-28 15:30:00,12.3098,13.5945,46.008,2.964,RCW3
2020-07-28 16:00:00,12.3056,13.5887,46.008,2.96,RCW3
2020-07-28 16:30:00,12.304,13.5873,46.008,2.961,RCW3
2020-07-28 17:00:00,12.3036,13.5829,46.008,2.951,RCW3
2020-07-28 17:30:00,12.3005,13.58,46.008,2.952,RCW3
2020-07-28 18:00:00,12.2989,13.5786,46.008,2.952,RCW3
2020-07-28 18:30:00,12.3014,13.5771,46.008,2.943,RCW3
2020-07-28 19:00:00,12.3008,13.5757,46.008,2.941,RCW3
2020-07-28 19:30:00,12.3036,13.5771,46.008,2.938,RCW3
2020-07-28 20:00:00,12.302,13.5786,46.008,2.945,RCW3
2020-07-28 20:30:00,12.3112,13.5815,46.008,2.931,RCW3
2020-07-28 21:00:00,12.314,13.5844,46.008,2.931,RCW3
2020-07-28 21:30:00,12.3149,13.5887,46.008,2.939,RCW3
2020-07-28 22:00:00,12.3224,13.5916,46.008,2.928,RCW3
2020-07-28 22:30:00,12.3214,13.5916,46.008,2.93,RCW3
2020-07-28 23:00:00,12.3166,13.5916,46.008,2.941,RCW3
2020-07-28 23:30:00,12.3259,13.5902,46.008,2.917,RCW3
2020-07-29 00:00:00,12.3224,13.5931,46.008,2.931,RCW3
2020-07-29 00:30:00,12.3178,13.5931,46.008,2.942,RCW3
2020-07-29 01:00:00,12.3228,13.5931,46.008,2.931,RCW3
2020-07-29 01:30:00,12.3197,13.5873,46.008,2.924,RCW3
2020-07-29 02:00:00,12.3163,13.5858,46.008,2.929,RCW3
2020-07-29 02:30:00,12.3227,13.5858,46.008,2.914,RCW3
2020-07-29 03:00:00,12.3152,13.5858,46.008,2.931,RCW3
2020-07-29 03:30:00,12.3169,13.5844,46.008,2.924,RCW3
2020-07-29 04:00:00,12.3195,13.5873,46.008,2.925,RCW3
2020-07-29 04:30:00,12.3217,13.5858,46.008,2.916,RCW3
2020-07-29 05:00:00,12.3197,13.5873,46.008,2.924,RCW3
2020-07-29 05:30:00,12.3223,13.5844,46.008,2.912,RCW3
2020-07-29 06:00:00,12.3207,13.5873,46.008,2.922,RCW3
2020-07-29 06:30:00,12.3243,13.5873,46.008,2.914,RCW3
2020-07-29 07:00:00,12.3288,13.5887,46.008,2.907,RCW3
2020-07-29 07:30:00,12.3284,13.5916,46.008,2.914,RCW3
2020-07-29 08:00:00,12.3336,13.5916,46.008,2.902,RCW3
2020-07-29 08:30:00,12.3317,13.5931,46.008,2.91,RCW3
2020-07-29 09:00:00,12.3314,13.5902,46.008,2.904,RCW3
2020-07-29 09:30:00,12.3337,13.5902,46.008,2.899,RCW3
2020-07-29 10:00:00,12.3339,13.5916,46.008,2.901,RCW3
2020-07-29 10:30:00,12.3349,13.5945,46.008,2.906,RCW3
2020-07-29 11:00:00,12.3336,13.5916,46.008,2.902,RCW3
2020-07-29 11:30:00,12.3372,13.5916,46.008,2.894,RCW3
2020-07-29 12:00:00,12.3359,13.5902,46.008,2.894,RCW3
2020-07-29 12:30:00,12.3323,13.5873,46.008,2.895,RCW3
2020-07-29 13:00:00,12.3343,13.5844,46.008,2.884,RCW3
2020-07-29 13:30:00,12.3297,13.5844,46.008,2.895,RCW3
2020-07-29 14:00:00,12.3281,13.5786,46.008,2.885,RCW3
2020-07-29 14:30:00,12.3272,13.5786,46.008,2.887,RCW3
2020-07-29 15:00:00,12.3228,13.5771,46.008,2.894,RCW3
2020-07-29 15:30:00,12.3212,13.5744,46.008,2.891,RCW3
2020-07-29 16:00:00,12.3202,13.5744,46.008,2.893,RCW3
2020-07-29 16:30:00,12.3237,13.5729,46.008,2.882,RCW3
2020-07-29 17:00:00,12.3212,13.5729,46.008,2.888,RCW3
2020-07-29 17:30:00,12.3228,13.5729,46.008,2.884,RCW3
2020-07-29 18:00:00,12.3259,13.5729,46.008,2.877,RCW3
2020-07-29 18:30:00,12.3224,13.5729,46.008,2.885,RCW3
2020-07-29 19:00:00,12.3301,13.5771,46.008,2.877,RCW3
2020-07-29 19:30:00,12.3234,13.5757,46.008,2.889,RCW3
2020-07-29 20:00:00,12.3339,13.5786,46.008,2.871,RCW3
2020-07-29 20:30:00,12.3362,13.58,46.008,2.869,RCW3
2020-07-29 21:00:00,12.3388,13.5815,46.008,2.867,RCW3
2020-07-29 21:30:00,12.3389,13.5844,46.008,2.873,RCW3
2020-07-29 22:00:00,12.3411,13.5858,46.008,2.871,RCW3
2020-07-29 22:30:00,12.3449,13.5858,46.008,2.863,RCW3
2020-07-29 23:00:00,12.3445,13.5873,46.008,2.867,RCW3
2020-07-29 23:30:00,12.3482,13.5887,46.008,2.862,RCW3
2020-07-30 00:00:00,12.3388,13.5844,46.008,2.874,RCW3
2020-07-30 00:30:00,12.3397,13.5858,46.008,2.875,RCW3
2020-07-30 01:00:00,12.3449,13.5844,46.008,2.86,RCW3
2020-07-30 01:30:00,12.3424,13.5844,46.008,2.865,RCW3
2020-07-30 02:00:00,12.345,13.5858,46.008,2.862,RCW3
2020-07-30 02:30:00,12.3513,13.5829,46.008,2.841,RCW3
2020-07-30 03:00:00,12.3436,13.5834,46.188,2.86,RCW3
2020-07-30 03:30:00,12.3456,13.5815,46.008,2.851,RCW3
2020-07-30 04:00:00,12.3395,13.5777,46.188,2.857,RCW3
2020-07-30 04:30:00,12.3466,13.5805,46.188,2.847,RCW3
2020-07-30 05:00:00,12.344,13.5819,46.188,2.856,RCW3
2020-07-30 05:30:00,12.3469,13.5819,46.188,2.849,RCW3
2020-07-30 06:00:00,12.35,13.5863,46.188,2.852,RCW3
2020-07-30 06:30:00,12.355,13.5877,46.188,2.844,RCW3
2020-07-30 07:00:00,12.3572,13.5892,46.188,2.842,RCW3
2020-07-30 07:30:00,12.359,13.5877,46.188,2.835,RCW3
2020-07-30 08:00:00,12.3594,13.5906,46.188,2.84,RCW3
2020-07-30 08:30:00,12.3578,13.5892,46.188,2.841,RCW3
2020-07-30 09:00:00,12.3597,13.5892,46.188,2.836,RCW3
2020-07-30 09:30:00,12.3619,13.5863,46.188,2.825,RCW3
2020-07-30 10:00:00,12.3572,13.5863,46.188,2.836,RCW3
2020-07-30 10:30:00,12.3558,13.5877,46.188,2.842,RCW3
2020-07-30 11:00:00,12.3577,13.5877,46.188,2.838,RCW3
2020-07-30 11:30:00,12.3611,13.5863,46.188,2.827,RCW3
2020-07-30 12:00:00,12.3603,13.5848,46.188,2.825,RCW3
2020-07-30 12:30:00,12.3591,13.5834,46.188,2.824,RCW3
2020-07-30 13:00:00,12.3604,13.5819,46.188,2.818,RCW3
2020-07-30 13:30:00,12.3536,13.5792,46.188,2.827,RCW3
2020-07-30 14:00:00,12.3565,13.5777,46.188,2.817,RCW3
2020-07-30 14:30:00,12.35,13.5777,46.188,2.832,RCW3
2020-07-30 15:00:00,12.3481,13.5748,46.188,2.83,RCW3
2020-07-30 15:30:00,12.3474,13.5734,46.188,2.828,RCW3
2020-07-30 16:00:00,12.3463,13.5705,46.188,2.824,RCW3
2020-07-30 16:30:00,12.3489,13.5719,46.188,2.821,RCW3
2020-07-30 17:00:00,12.342,13.5676,46.188,2.827,RCW3
2020-07-30 17:30:00,12.3485,13.5676,46.188,2.812,RCW3
2020-07-30 18:00:00,12.3469,13.5676,46.188,2.816,RCW3
2020-07-30 18:30:00,12.3427,13.569,46.188,2.829,RCW3
2020-07-30 19:00:00,12.3492,13.5661,46.188,2.807,RCW3
2020-07-30 19:30:00,12.3491,13.5661,46.188,2.808,RCW3
2020-07-30 20:00:00,12.3517,13.5676,46.188,2.805,RCW3
2020-07-30 20:30:00,12.3577,13.5719,46.188,2.801,RCW3
2020-07-30 21:00:00,12.3626,13.5734,46.188,2.793,RCW3
2020-07-30 21:30:00,12.3623,13.5777,46.188,2.804,RCW3
2020-07-30 22:00:00,12.36,13.5763,46.188,2.806,RCW3
2020-07-30 22:30:00,12.3633,13.5734,46.188,2.792,RCW3
2020-07-30 23:00:00,12.3616,13.5705,46.188,2.789,RCW3
2020-07-30 23:30:00,12.3563,13.5719,46.188,2.804,RCW3
2020-07-31 00:00:00,12.365,13.5719,46.188,2.784,RCW3
2020-07-31 00:30:00,12.3571,13.569,46.188,2.796,RCW3
2020-07-31 01:00:00,12.3578,13.5661,46.188,2.788,RCW3
2020-07-31 01:30:00,12.3635,13.5661,46.188,2.774,RCW3
2020-07-31 02:00:00,12.3559,13.5632,46.188,2.785,RCW3
2020-07-31 02:30:00,12.3579,13.5632,46.188,2.781,RCW3
2020-07-31 03:00:00,12.3549,13.5647,46.188,2.791,RCW3
2020-07-31 03:30:00,12.3569,13.5647,46.188,2.786,RCW3
2020-07-31 04:00:00,12.3537,13.5632,46.188,2.79,RCW3
2020-07-31 04:30:00,12.3521,13.5618,46.188,2.791,RCW3
2020-07-31 05:00:00,12.3546,13.5618,46.188,2.785,RCW3
2020-07-31 05:30:00,12.3569,13.5618,46.188,2.78,RCW3
2020-07-31 06:00:00,12.3594,13.5661,46.188,2.784,RCW3
2020-07-31 06:30:00,12.3623,13.5676,46.188,2.781,RCW3
2020-07-31 07:00:00,12.3675,13.569,46.188,2.772,RCW3
2020-07-31 07:30:00,12.3668,13.569,46.188,2.773,RCW3
2020-07-31 08:00:00,12.3687,13.569,46.188,2.769,RCW3
2020-07-31 08:30:00,12.3681,13.569,46.188,2.77,RCW3
2020-07-31 09:00:00,12.3661,13.5676,46.188,2.772,RCW3
2020-07-31 09:30:00,12.3656,13.5632,46.188,2.763,RCW3
2020-07-31 10:00:00,12.365,13.5632,46.188,2.764,RCW3
2020-07-31 10:30:00,12.3626,13.5618,46.188,2.767,RCW3
2020-07-31 11:00:00,12.3711,13.5632,46.188,2.75,RCW3
2020-07-31 11:30:00,12.3629,13.5618,46.188,2.766,RCW3
2020-07-31 12:00:00,12.369,13.5603,46.188,2.748,RCW3
2020-07-31 12:30:00,12.3635,13.5561,46.188,2.751,RCW3
2020-07-31 13:00:00,12.3624,13.5561,46.188,2.754,RCW3
2020-07-31 13:30:00,12.3597,13.5546,46.188,2.757,RCW3
2020-07-31 14:00:00,12.3552,13.5517,46.188,2.76,RCW3
2020-07-31 14:30:00,12.3627,13.5503,46.188,2.74,RCW3
2020-07-31 15:00:00,12.351,13.5488,46.188,2.763,RCW3
2020-07-31 15:30:00,12.3594,13.5459,46.188,2.737,RCW3
2020-07-31 16:00:00,12.3433,13.5401,46.188,2.761,RCW3
2020-07-31 16:30:00,12.3442,13.5374,46.188,2.753,RCW3
2020-07-31 17:00:00,12.3505,13.5345,46.188,2.731,RCW3
2020-07-31 17:30:00,12.3501,13.5316,46.188,2.726,RCW3
2020-07-31 18:00:00,12.3452,13.5301,46.188,2.734,RCW3
2020-07-31 18:30:00,12.3456,13.5287,46.188,2.729,RCW3
2020-07-31 19:00:00,12.345,13.5316,46.188,2.737,RCW3
2020-07-31 19:30:00,12.3469,13.533,46.188,2.736,RCW3
2020-07-31 20:00:00,12.3545,13.5374,46.188,2.729,RCW3
2020-07-31 20:30:00,12.3555,13.5387,46.188,2.73,RCW3
2020-07-31 21:00:00,12.3652,13.543,46.188,2.717,RCW3
2020-07-31 21:30:00,12.3691,13.5445,46.188,2.712,RCW3
2020-07-31 22:00:00,12.3704,13.5474,46.188,2.715,RCW3
2020-07-31 22:30:00,12.3684,13.5459,46.188,2.716,RCW3
2020-07-31 23:00:00,12.3666,13.5459,46.188,2.721,RCW3
2020-07-31 23:30:00,12.3697,13.5445,46.188,2.71,RCW3
2020-08-01 00:00:00,12.365,13.5459,46.188,2.724,RCW3
2020-08-01 00:30:00,12.3698,13.5445,46.188,2.71,RCW3
2020-08-01 01:00:00,12.3752,13.5459,46.188,2.701,RCW3
2020-08-01 01:30:00,12.3665,13.5445,46.188,2.718,RCW3
2020-08-01 02:00:00,12.3671,13.5416,46.188,2.71,RCW3
2020-08-01 02:30:00,12.364,13.5387,46.188,2.71,RCW3
2020-08-01 03:00:00,12.3604,13.5374,46.188,2.715,RCW3
2020-08-01 03:30:00,12.3623,13.5374,46.188,2.711,RCW3
2020-08-01 04:00:00,12.3637,13.5387,46.188,2.711,RCW3
2020-08-01 04:30:00,12.3656,13.5374,46.188,2.703,RCW3
2020-08-01 05:00:00,12.3681,13.5374,46.188,2.698,RCW3
2020-08-01 05:30:00,12.3751,13.5416,46.188,2.691,RCW3
2020-08-01 06:00:00,12.3693,13.5416,46.188,2.704,RCW3
2020-08-01 06:30:00,12.3727,13.5445,46.188,2.703,RCW3
2020-08-01 07:00:00,12.378,13.5474,46.188,2.698,RCW3
2020-08-01 07:30:00,12.3772,13.5488,46.188,2.703,RCW3
2020-08-01 08:00:00,12.3782,13.5445,46.188,2.691,RCW3
2020-08-01 08:30:00,12.374,13.543,46.188,2.697,RCW3
2020-08-01 09:00:00,12.3753,13.5416,46.188,2.691,RCW3
2020-08-01 09:30:00,12.3719,13.5374,46.188,2.689,RCW3
2020-08-01 10:00:00,12.3755,13.5401,46.188,2.687,RCW3
2020-08-01 10:30:00,12.3778,13.5387,46.188,2.678,RCW3
2020-08-01 11:00:00,12.3833,13.5387,46.188,2.665,RCW3
2020-08-01 11:30:00,12.3743,13.5401,46.188,2.689,RCW3
2020-08-01 12:00:00,12.3762,13.5359,46.188,2.675,RCW3
2020-08-01 12:30:00,12.3768,13.5359,46.188,2.674,RCW3
2020-08-01 13:00:00,12.3682,13.5316,46.188,2.684,RCW3
2020-08-01 13:30:00,12.3682,13.533,46.188,2.687,RCW3
2020-08-01 14:00:00,12.359,13.5287,46.188,2.698,RCW3
2020-08-01 14:30:00,12.3604,13.5272,46.188,2.692,RCW3
2020-08-01 15:00:00,12.3555,13.5214,46.188,2.69,RCW3
2020-08-01 15:30:00,12.3536,13.5158,46.188,2.681,RCW3
2020-08-01 16:00:00,12.3537,13.5129,46.188,2.674,RCW3
2020-08-01 16:30:00,12.3442,13.5114,46.188,2.693,RCW3
2020-08-01 17:00:00,12.3501,13.5114,46.188,2.679,RCW3
2020-08-01 17:30:00,12.3479,13.5071,46.188,2.674,RCW3
2020-08-01 18:00:00,12.3459,13.5042,46.188,2.672,RCW3
2020-08-01 18:30:00,12.3505,13.5042,46.188,2.662,RCW3
2020-08-01 19:00:00,12.35,13.5056,46.188,2.666,RCW3
2020-08-01 19:30:00,12.3574,13.5071,46.188,2.652,RCW3
2020-08-01 20:00:00,12.3579,13.51,46.188,2.658,RCW3
2020-08-01 20:30:00,12.3575,13.5114,46.188,2.662,RCW3
2020-08-01 21:00:00,12.3597,13.5114,46.188,2.657,RCW3
2020-08-01 21:30:00,12.3655,13.5143,46.188,2.65,RCW3
2020-08-01 22:00:00,12.3627,13.5172,46.188,2.663,RCW3
2020-08-01 22:30:00,12.3655,13.5143,46.188,2.65,RCW3
2020-08-01 23:00:00,12.3693,13.5143,46.188,2.642,RCW3
2020-08-01 23:30:00,12.3694,13.5143,46.188,2.641,RCW3
2020-08-02 00:00:00,12.3652,13.5143,46.188,2.651,RCW3
2020-08-02 00:30:00,12.3661,13.5172,46.188,2.656,RCW3
2020-08-02 01:00:00,12.3669,13.5143,46.188,2.647,RCW3
2020-08-02 01:30:00,12.3681,13.5185,46.188,2.654,RCW3
2020-08-02 02:00:00,12.3688,13.5158,46.188,2.646,RCW3
2020-08-02 02:30:00,12.3659,13.5129,46.188,2.646,RCW3
2020-08-02 03:00:00,12.3635,13.5148,46.369,2.656,RCW3
2020-08-02 03:30:00,12.3701,13.5129,46.188,2.636,RCW3
2020-08-02 04:00:00,12.3681,13.5148,46.369,2.645,RCW3
2020-08-02 04:30:00,12.3701,13.5133,46.369,2.637,RCW3
2020-08-02 05:00:00,12.3722,13.5162,46.369,2.639,RCW3
2020-08-02 05:30:00,12.3752,13.5191,46.369,2.639,RCW3
2020-08-02 06:00:00,12.3736,13.5162,46.369,2.636,RCW3
2020-08-02 06:30:00,12.372,13.5177,46.369,2.643,RCW3
2020-08-02 07:00:00,12.3736,13.5148,46.369,2.633,RCW3
2020-08-02 07:30:00,12.3701,13.5119,46.369,2.634,RCW3
2020-08-02 08:00:00,12.3752,13.5119,46.369,2.622,RCW3
2020-08-02 08:30:00,12.3758,13.5148,46.369,2.628,RCW3
2020-08-02 09:00:00,12.3737,13.5133,46.369,2.629,RCW3
2020-08-02 09:30:00,12.3719,13.5104,46.369,2.627,RCW3
2020-08-02 10:00:00,12.3701,13.5104,46.369,2.631,RCW3
2020-08-02 10:30:00,12.372,13.5119,46.369,2.63,RCW3
2020-08-02 11:00:00,12.3726,13.509,46.369,2.622,RCW3
2020-08-02 11:30:00,12.3617,13.5046,46.369,2.637,RCW3
2020-08-02 12:00:00,12.3645,13.5004,46.369,2.621,RCW3
2020-08-02 12:30:00,12.3562,13.499,46.369,2.636,RCW3
2020-08-02 13:00:00,12.3578,13.4975,46.369,2.629,RCW3
2020-08-02 13:30:00,12.3584,13.4932,46.369,2.618,RCW3
2020-08-02 14:00:00,12.3585,13.4917,46.369,2.614,RCW3
2020-08-02 14:30:00,12.3507,13.4888,46.369,2.626,RCW3
2020-08-02 15:00:00,12.3485,13.485900000000001,46.369,2.624,RCW3
2020-08-02 15:30:00,12.3507,13.4844,46.369,2.615,RCW3
2020-08-02 16:00:00,12.3521,13.483,46.369,2.609,RCW3
2020-08-02 16:30:00,12.3482,13.485900000000001,46.369,2.625,RCW3
2020-08-02 17:00:00,12.3513,13.483,46.369,2.611,RCW3
2020-08-02 17:30:00,12.3558,13.4817,46.369,2.597,RCW3
2020-08-02 18:00:00,12.3526,13.4817,46.369,2.605,RCW3
2020-08-02 18:30:00,12.3572,13.483,46.369,2.597,RCW3
2020-08-02 19:00:00,12.3559,13.483,46.369,2.6,RCW3
2020-08-02 19:30:00,12.3543,13.483,46.369,2.604,RCW3
2020-08-02 20:00:00,12.3603,13.485900000000001,46.369,2.597,RCW3
2020-08-02 20:30:00,12.3577,13.4903,46.369,2.613,RCW3
2020-08-02 21:00:00,12.3656,13.4932,46.369,2.601,RCW3
2020-08-02 21:30:00,12.3708,13.499,46.369,2.603,RCW3
2020-08-02 22:00:00,12.3694,13.499,46.369,2.606,RCW3
2020-08-02 22:30:00,12.3682,13.4946,46.369,2.599,RCW3
2020-08-02 23:00:00,12.3684,13.4946,46.369,2.598,RCW3
2020-08-02 23:30:00,12.3639,13.4932,46.369,2.605,RCW3
2020-08-03 00:00:00,12.3735,13.4961,46.369,2.59,RCW3
2020-08-03 00:30:00,12.3703,13.4946,46.369,2.594,RCW3
2020-08-03 01:00:00,12.3716,13.4961,46.369,2.594,RCW3
2020-08-03 01:30:00,12.3687,13.4932,46.369,2.594,RCW3
2020-08-03 02:00:00,12.3708,13.4946,46.369,2.593,RCW3
2020-08-03 02:30:00,12.3679,13.4946,46.369,2.599,RCW3
2020-08-03 03:00:00,12.3742,13.4946,46.369,2.585,RCW3
2020-08-03 03:30:00,12.3711,13.4932,46.369,2.589,RCW3
2020-08-03 04:00:00,12.3778,13.4932,46.369,2.573,RCW3
2020-08-03 04:30:00,12.3753,13.4917,46.369,2.576,RCW3
2020-08-03 05:00:00,12.3727,13.4917,46.369,2.582,RCW3
2020-08-03 05:30:00,12.3752,13.4932,46.369,2.579,RCW3
2020-08-03 06:00:00,12.3777,13.4932,46.369,2.573,RCW3
2020-08-03 06:30:00,12.3772,13.4932,46.369,2.575,RCW3
2020-08-03 07:00:00,12.3788,13.4932,46.369,2.571,RCW3
2020-08-03 07:30:00,12.3794,13.4917,46.369,2.566,RCW3
2020-08-03 08:00:00,12.3793,13.4917,46.369,2.566,RCW3
2020-08-03 08:30:00,12.3813,13.4903,46.369,2.558,RCW3
2020-08-03 09:00:00,12.3806,13.4903,46.369,2.56,RCW3
2020-08-03 09:30:00,12.3743,13.4888,46.369,2.571,RCW3
2020-08-03 10:00:00,12.3726,13.4844,46.369,2.565,RCW3
2020-08-03 10:30:00,12.3764,13.483,46.369,2.553,RCW3
2020-08-03 11:00:00,12.3749,13.4817,46.369,2.553,RCW3
2020-08-03 11:30:00,12.3774,13.4802,46.369,2.544,RCW3
2020-08-03 12:00:00,12.369,13.4788,46.369,2.56,RCW3
2020-08-03 12:30:00,12.3688,13.4773,46.369,2.557,RCW3
2020-08-03 13:00:00,12.3637,13.4773,46.369,2.569,RCW3
2020-08-03 13:30:00,12.365,13.4715,46.369,2.553,RCW3
2020-08-03 14:00:00,12.3607,13.4686,46.369,2.556,RCW3
2020-08-03 14:30:00,12.3521,13.4657,46.369,2.569,RCW3
2020-08-03 15:00:00,12.3546,13.4628,46.369,2.557,RCW3
2020-08-03 15:30:00,12.3498,13.4572,46.369,2.555,RCW3
2020-08-03 16:00:00,12.3513,13.4557,46.369,2.548,RCW3
2020-08-03 16:30:00,12.3458,13.4514,46.369,2.551,RCW3
2020-08-03 17:00:00,12.3411,13.4499,46.369,2.558,RCW3
2020-08-03 17:30:00,12.3424,13.4485,46.369,2.552,RCW3
2020-08-03 18:00:00,12.3446,13.4456,46.369,2.54,RCW3
2020-08-03 18:30:00,12.341,13.4485,46.369,2.555,RCW3
2020-08-03 19:00:00,12.3413,13.447,46.369,2.551,RCW3
2020-08-03 19:30:00,12.3471,13.4485,46.369,2.541,RCW3
2020-08-03 20:00:00,12.3471,13.4485,46.369,2.541,RCW3
2020-08-03 20:30:00,12.3471,13.4499,46.369,2.544,RCW3
2020-08-03 21:00:00,12.3492,13.4528,46.369,2.546,RCW3
2020-08-03 21:30:00,12.3542,13.4572,46.369,2.545,RCW3
2020-08-03 22:00:00,12.3569,13.4586,46.369,2.542,RCW3
2020-08-03 22:30:00,12.3511,13.4557,46.369,2.548,RCW3
2020-08-03 23:00:00,12.3559,13.4543,46.369,2.534,RCW3
2020-08-03 23:30:00,12.351,13.4485,46.369,2.532,RCW3
2020-08-04 00:00:00,12.3514,13.4499,46.369,2.534,RCW3
2020-08-04 00:30:00,12.3482,13.447,46.369,2.535,RCW3
2020-08-04 01:00:00,12.3394,13.4456,46.369,2.552,RCW3
2020-08-04 01:30:00,12.3411,13.4427,46.369,2.541,RCW3
2020-08-04 02:00:00,12.3382,13.4399,46.369,2.542,RCW3
2020-08-04 02:30:00,12.3408,13.4385,46.369,2.532,RCW3
2020-08-04 03:00:00,12.3434,13.437,46.369,2.523,RCW3
2020-08-04 03:30:00,12.3369,13.4385,46.369,2.541,RCW3
2020-08-04 04:00:00,12.3442,13.437,46.369,2.521,RCW3
2020-08-04 04:30:00,12.3334,13.4385,46.369,2.549,RCW3
2020-08-04 05:00:00,12.3411,13.4341,46.369,2.522,RCW3
2020-08-04 05:30:00,12.3344,13.4356,46.369,2.54,RCW3
2020-08-04 06:00:00,12.3375,13.437,46.369,2.537,RCW3
2020-08-04 06:30:00,12.3411,13.4356,46.369,2.525,RCW3
2020-08-04 07:00:00,12.3375,13.4356,46.369,2.533,RCW3
2020-08-04 07:30:00,12.3411,13.4356,46.369,2.525,RCW3
2020-08-04 08:00:00,12.3398,13.4356,46.369,2.528,RCW3
2020-08-04 08:30:00,12.344,13.4341,46.369,2.515,RCW3
2020-08-04 09:00:00,12.3421,13.4312,46.369,2.513,RCW3
2020-08-04 09:30:00,12.3397,13.4283,46.369,2.511,RCW3
2020-08-04 10:00:00,12.3388,13.4283,46.369,2.513,RCW3
2020-08-04 10:30:00,12.3382,13.4254,46.369,2.508,RCW3
2020-08-04 11:00:00,12.3369,13.424,46.369,2.508,RCW3
2020-08-04 11:30:00,12.341,13.4227,46.369,2.495,RCW3
2020-08-04 12:00:00,12.3375,13.4212,46.369,2.5,RCW3
2020-08-04 12:30:00,12.3339,13.4183,46.369,2.502,RCW3
2020-08-04 13:00:00,12.3266,13.4154,46.369,2.512,RCW3
2020-08-04 13:30:00,12.3244,13.4125,46.369,2.51,RCW3
2020-08-04 14:00:00,12.3208,13.4067,46.369,2.505,RCW3
2020-08-04 14:30:00,12.3188,13.4067,46.369,2.51,RCW3
2020-08-04 15:00:00,12.322,13.4025,46.369,2.493,RCW3
2020-08-04 15:30:00,12.3134,13.3982,46.369,2.503,RCW3
2020-08-04 16:00:00,12.3133,13.3923,46.369,2.489,RCW3
2020-08-04 16:30:00,12.3078,13.3923,46.369,2.502,RCW3
2020-08-04 17:00:00,12.3147,13.3909,46.369,2.483,RCW3
2020-08-04 17:30:00,12.3017,13.3894,46.369,2.509,RCW3
2020-08-04 18:00:00,12.308,13.388,46.369,2.492,RCW3
2020-08-04 18:30:00,12.3038,13.3838,46.369,2.492,RCW3
2020-08-04 19:00:00,12.3056,13.3809,46.369,2.481,RCW3
2020-08-04 19:30:00,12.3018,13.3794,46.369,2.486,RCW3
2020-08-04 20:00:00,12.3002,13.3809,46.369,2.493,RCW3
2020-08-04 20:30:00,12.2998,13.378,46.369,2.487,RCW3
2020-08-04 21:00:00,12.3024,13.3823,46.369,2.491,RCW3
2020-08-04 21:30:00,12.3127,13.3865,46.369,2.477,RCW3
2020-08-04 22:00:00,12.3159,13.3894,46.369,2.477,RCW3
2020-08-04 22:30:00,12.3202,13.3909,46.369,2.47,RCW3
2020-08-04 23:00:00,12.3159,13.3865,46.369,2.47,RCW3
2020-08-04 23:30:00,12.316,13.388,46.369,2.473,RCW3
2020-08-05 00:00:00,12.3169,13.3865,46.369,2.468,RCW3
2020-08-05 00:30:00,12.3178,13.3838,46.369,2.459,RCW3
2020-08-05 01:00:00,12.3099,13.3838,46.369,2.477,RCW3
2020-08-05 01:30:00,12.3167,13.3851,46.369,2.465,RCW3
2020-08-05 02:00:00,12.3144,13.3838,46.369,2.467,RCW3
2020-08-05 02:30:00,12.3162,13.3823,46.369,2.459,RCW3
2020-08-05 03:00:00,12.3133,13.3794,46.369,2.459,RCW3
2020-08-05 03:30:00,12.3108,13.378,46.369,2.462,RCW3
2020-08-05 04:00:00,12.2992,13.3736,46.369,2.479,RCW3
2020-08-05 04:30:00,12.3063,13.3722,46.369,2.459,RCW3
2020-08-05 05:00:00,12.3049,13.3751,46.369,2.469,RCW3
2020-08-05 05:30:00,12.3028,13.3678,46.369,2.457,RCW3
2020-08-05 06:00:00,12.3008,13.3707,46.369,2.468,RCW3
2020-08-05 06:30:00,12.3059,13.3722,46.369,2.46,RCW3
2020-08-05 07:00:00,12.3012,13.3693,46.369,2.464,RCW3
2020-08-05 07:30:00,12.3057,13.3693,46.369,2.454,RCW3
2020-08-05 08:00:00,12.3028,13.3678,46.369,2.457,RCW3
2020-08-05 08:30:00,12.3063,13.3693,46.369,2.452,RCW3
2020-08-05 09:00:00,12.3038,13.3678,46.369,2.455,RCW3
2020-08-05 09:30:00,12.3082,13.3664,46.369,2.441,RCW3
2020-08-05 10:00:00,12.2988,13.3651,46.369,2.46,RCW3
2020-08-05 10:30:00,12.3027,13.3622,46.369,2.444,RCW3
2020-08-05 11:00:00,12.3033,13.3607,46.369,2.439,RCW3
2020-08-05 11:30:00,12.2995,13.3593,46.369,2.445,RCW3
2020-08-05 12:00:00,12.2969,13.3535,46.369,2.438,RCW3
2020-08-05 12:30:00,12.296,13.352,46.369,2.436,RCW3
2020-08-05 13:00:00,12.2844,13.3464,46.369,2.45,RCW3
2020-08-05 13:30:00,12.2822,13.3435,46.369,2.448,RCW3
2020-08-05 14:00:00,12.2772,13.3406,46.369,2.453,RCW3
2020-08-05 14:30:00,12.2774,13.3377,46.369,2.446,RCW3
2020-08-05 15:00:00,12.2786,13.3348,46.369,2.437,RCW3
2020-08-05 15:30:00,12.274,13.3304,46.369,2.437,RCW3
2020-08-05 16:00:00,12.268,13.3281,46.548,2.446,RCW3
2020-08-05 16:30:00,12.2748,13.3281,46.548,2.43,RCW3
2020-08-05 17:00:00,12.2651,13.3204,46.369,2.435,RCW3
2020-08-05 17:30:00,12.2632,13.319,46.369,2.436,RCW3
2020-08-05 18:00:00,12.2658,13.3194,46.548,2.431,RCW3
2020-08-05 18:30:00,12.2699,13.3208,46.548,2.424,RCW3
2020-08-05 19:00:00,12.2716,13.3237,46.548,2.427,RCW3
2020-08-05 19:30:00,12.2725,13.3266,46.548,2.432,RCW3
2020-08-05 20:00:00,12.2786,13.3281,46.548,2.421,RCW3
2020-08-05 20:30:00,12.2802,13.331,46.548,2.424,RCW3
2020-08-05 21:00:00,12.2827,13.3323,46.548,2.421,RCW3
2020-08-05 21:30:00,12.2924,13.3381,46.548,2.412,RCW3
2020-08-05 22:00:00,12.2901,13.341,46.548,2.424,RCW3
2020-08-05 22:30:00,12.2892,13.341,46.548,2.427,RCW3
2020-08-05 23:00:00,12.2889,13.3396,46.548,2.424,RCW3
2020-08-05 23:30:00,12.2893,13.3396,46.548,2.423,RCW3
2020-08-06 00:00:00,12.2902,13.341,46.548,2.424,RCW3
2020-08-06 00:30:00,12.2915,13.3396,46.548,2.418,RCW3
2020-08-06 01:00:00,12.2931,13.3396,46.548,2.414,RCW3
2020-08-06 01:30:00,12.2948,13.3381,46.548,2.407,RCW3
2020-08-06 02:00:00,12.2919,13.3352,46.548,2.407,RCW3
2020-08-06 02:30:00,12.2899,13.3352,46.548,2.412,RCW3
2020-08-06 03:00:00,12.288,13.3352,46.548,2.416,RCW3
2020-08-06 03:30:00,12.286,13.3323,46.548,2.414,RCW3
2020-08-06 04:00:00,12.2885,13.3295,46.548,2.402,RCW3
2020-08-06 04:30:00,12.2864,13.3295,46.548,2.406,RCW3
2020-08-06 05:00:00,12.2844,13.3281,46.548,2.408,RCW3
2020-08-06 05:30:00,12.2875,13.331,46.548,2.407,RCW3
2020-08-06 06:00:00,12.2899,13.3281,46.548,2.395,RCW3
2020-08-06 06:30:00,12.2883,13.3295,46.548,2.402,RCW3
2020-08-06 07:00:00,12.2935,13.3295,46.548,2.39,RCW3
2020-08-06 07:30:00,12.2921,13.3338,46.548,2.403,RCW3
2020-08-06 08:00:00,12.2905,13.3323,46.548,2.403,RCW3
2020-08-06 08:30:00,12.2957,13.331,46.548,2.388,RCW3
2020-08-06 09:00:00,12.2933,13.3266,46.548,2.384,RCW3
2020-08-06 09:30:00,12.2856,13.3252,46.548,2.398,RCW3
2020-08-06 10:00:00,12.2851,13.3223,46.548,2.393,RCW3
2020-08-06 10:30:00,12.2825,13.3223,46.548,2.399,RCW3
2020-08-06 11:00:00,12.2875,13.3223,46.548,2.387,RCW3
2020-08-06 11:30:00,12.2869,13.3208,46.548,2.385,RCW3
2020-08-06 12:00:00,12.2817,13.3179,46.548,2.391,RCW3
2020-08-06 12:30:00,12.2761,13.3179,46.548,2.403,RCW3
2020-08-06 13:00:00,12.2773,13.3136,46.548,2.391,RCW3
2020-08-06 13:30:00,12.2747,13.3094,46.548,2.387,RCW3
2020-08-06 14:00:00,12.2696,13.3108,46.548,2.402,RCW3
2020-08-06 14:30:00,12.2673,13.3065,46.548,2.397,RCW3
2020-08-06 15:00:00,12.2719,13.3065,46.548,2.387,RCW3
2020-08-06 15:30:00,12.2664,13.305,46.548,2.396,RCW3
2020-08-06 16:00:00,12.2705,13.305,46.548,2.387,RCW3
2020-08-06 16:30:00,12.2654,13.3021,46.548,2.392,RCW3
2020-08-06 17:00:00,12.2727,13.3036,46.548,2.378,RCW3
2020-08-06 17:30:00,12.2722,13.305,46.548,2.383,RCW3
2020-08-06 18:00:00,12.2676,13.3036,46.548,2.39,RCW3
2020-08-06 18:30:00,12.2805,13.3021,46.548,2.357,RCW3
2020-08-06 19:00:00,12.2808,13.3065,46.548,2.366,RCW3
2020-08-06 19:30:00,12.2831,13.3065,46.548,2.361,RCW3
2020-08-06 20:00:00,12.2812,13.3094,46.548,2.372,RCW3
2020-08-06 20:30:00,12.2835,13.3108,46.548,2.37,RCW3
2020-08-06 21:00:00,12.2901,13.3136,46.548,2.361,RCW3
2020-08-06 21:30:00,12.2957,13.3179,46.548,2.358,RCW3
2020-08-06 22:00:00,12.2988,13.3208,46.548,2.358,RCW3
2020-08-06 22:30:00,12.298,13.3223,46.548,2.363,RCW3
2020-08-06 23:00:00,12.3027,13.3252,46.548,2.359,RCW3
2020-08-06 23:30:00,12.3031,13.3237,46.548,2.355,RCW3
2020-08-07 00:00:00,12.2993,13.3266,46.548,2.37,RCW3
2020-08-07 00:30:00,12.3062,13.3295,46.548,2.361,RCW3
2020-08-07 01:00:00,12.3079,13.3295,46.548,2.357,RCW3
2020-08-07 01:30:00,12.3014,13.331,46.548,2.375,RCW3
2020-08-07 02:00:00,12.3086,13.3323,46.548,2.362,RCW3
2020-08-07 02:30:00,12.3062,13.3295,46.548,2.361,RCW3
2020-08-07 03:00:00,12.3098,13.3295,46.548,2.352,RCW3
2020-08-07 03:30:00,12.3079,13.3323,46.548,2.363,RCW3
2020-08-07 04:00:00,12.3059,13.3295,46.548,2.361,RCW3
2020-08-07 04:30:00,12.3089,13.3295,46.548,2.355,RCW3
2020-08-07 05:00:00,12.3033,13.3281,46.548,2.364,RCW3
2020-08-07 05:30:00,12.3109,13.3295,46.548,2.35,RCW3
2020-08-07 06:00:00,12.314,13.331,46.548,2.346,RCW3
2020-08-07 06:30:00,12.314,13.3338,46.548,2.353,RCW3
2020-08-07 07:00:00,12.312,13.3367,46.548,2.364,RCW3
2020-08-07 07:30:00,12.316,13.3352,46.548,2.351,RCW3
2020-08-07 08:00:00,12.3208,13.3381,46.548,2.347,RCW3
2020-08-07 08:30:00,12.3249,13.341,46.548,2.344,RCW3
2020-08-07 09:00:00,12.3237,13.3381,46.548,2.34,RCW3
2020-08-07 09:30:00,12.3241,13.3396,46.548,2.343,RCW3
2020-08-07 10:00:00,12.3239,13.3381,46.548,2.34,RCW3
2020-08-07 10:30:00,12.3241,13.3367,46.548,2.336,RCW3
2020-08-07 11:00:00,12.3241,13.3338,46.548,2.329,RCW3
2020-08-07 11:30:00,12.3167,13.3295,46.548,2.337,RCW3
2020-08-07 12:00:00,12.316,13.3281,46.548,2.335,RCW3
2020-08-07 12:30:00,12.316,13.3252,46.548,2.328,RCW3
2020-08-07 13:00:00,12.3099,13.3237,46.548,2.339,RCW3
2020-08-07 13:30:00,12.3072,13.3223,46.548,2.342,RCW3
2020-08-07 14:00:00,12.3067,13.3208,46.548,2.34,RCW3
2020-08-07 14:30:00,12.3094,13.3194,46.548,2.33,RCW3
2020-08-07 15:00:00,12.3072,13.3194,46.548,2.335,RCW3
2020-08-07 15:30:00,12.304,13.3165,46.548,2.336,RCW3
2020-08-07 16:00:00,12.305,13.3136,46.548,2.327,RCW3
2020-08-07 16:30:00,12.2988,13.3108,46.548,2.335,RCW3
2020-08-07 17:00:00,12.298,13.3079,46.548,2.33,RCW3
2020-08-07 17:30:00,12.2996,13.3065,46.548,2.323,RCW3
2020-08-07 18:00:00,12.3022,13.3079,46.548,2.32,RCW3
2020-08-07 18:30:00,12.2983,13.3079,46.548,2.329,RCW3
2020-08-07 19:00:00,12.2993,13.3136,46.548,2.34,RCW3
2020-08-07 19:30:00,12.3109,13.3123,46.548,2.31,RCW3
2020-08-07 20:00:00,12.3107,13.315,46.548,2.317,RCW3
2020-08-07 20:30:00,12.3096,13.3194,46.548,2.33,RCW3
2020-08-07 21:00:00,12.3266,13.3266,46.548,2.307,RCW3
2020-08-07 21:30:00,12.3284,13.3295,46.548,2.31,RCW3
2020-08-07 22:00:00,12.3265,13.3295,46.548,2.314,RCW3
2020-08-07 22:30:00,12.3256,13.3323,46.548,2.322,RCW3
2020-08-07 23:00:00,12.3304,13.3323,46.548,2.311,RCW3
2020-08-07 23:30:00,12.3314,13.3338,46.548,2.313,RCW3
2020-08-08 00:00:00,12.3375,13.3352,46.548,2.302,RCW3
2020-08-08 00:30:00,12.3343,13.3367,46.548,2.313,RCW3
2020-08-08 01:00:00,12.3311,13.3338,46.548,2.313,RCW3
2020-08-08 01:30:00,12.3334,13.3352,46.548,2.311,RCW3
2020-08-08 02:00:00,12.3349,13.3352,46.548,2.308,RCW3
2020-08-08 02:30:00,12.3315,13.3338,46.548,2.312,RCW3
2020-08-08 03:00:00,12.3384,13.3352,46.548,2.3,RCW3
2020-08-08 03:30:00,12.3355,13.3352,46.548,2.306,RCW3
2020-08-08 04:00:00,12.3336,13.3323,46.548,2.304,RCW3
2020-08-08 04:30:00,12.3404,13.3338,46.548,2.292,RCW3
2020-08-08 05:00:00,12.3384,13.3352,46.548,2.3,RCW3
2020-08-08 05:30:00,12.341,13.3338,46.548,2.29,RCW3
2020-08-08 06:00:00,12.3431,13.341,46.548,2.302,RCW3
2020-08-08 06:30:00,12.3462,13.3425,46.548,2.298,RCW3
2020-08-08 07:00:00,12.3513,13.341,46.548,2.283,RCW3
2020-08-08 07:30:00,12.3497,13.3425,46.548,2.29,RCW3
2020-08-08 08:00:00,12.3514,13.341,46.548,2.283,RCW3
2020-08-08 08:30:00,12.3459,13.3425,46.548,2.299,RCW3
2020-08-08 09:00:00,12.3497,13.3425,46.548,2.29,RCW3
2020-08-08 09:30:00,12.3472,13.3396,46.548,2.289,RCW3
2020-08-08 10:00:00,12.3424,13.3352,46.548,2.29,RCW3
2020-08-08 10:30:00,12.3462,13.3352,46.548,2.282,RCW3
2020-08-08 11:00:00,12.342,13.3323,46.548,2.285,RCW3
2020-08-08 11:30:00,12.3373,13.3295,46.548,2.289,RCW3
2020-08-08 12:00:00,12.3389,13.3266,46.548,2.279,RCW3
2020-08-08 12:30:00,12.3349,13.3252,46.548,2.285,RCW3
2020-08-08 13:00:00,12.3297,13.3223,46.548,2.29,RCW3
2020-08-08 13:30:00,12.3292,13.3194,46.548,2.284,RCW3
2020-08-08 14:00:00,12.3237,13.3194,46.548,2.297,RCW3
2020-08-08 14:30:00,12.321,13.315,46.548,2.293,RCW3
2020-08-08 15:00:00,12.3183,13.3108,46.548,2.29,RCW3
2020-08-08 15:30:00,12.3224,13.3094,46.548,2.277,RCW3
2020-08-08 16:00:00,12.3192,13.3079,46.548,2.281,RCW3
2020-08-08 16:30:00,12.3181,13.3065,46.548,2.28,RCW3
2020-08-08 17:00:00,12.3207,13.3036,46.548,2.268,RCW3
2020-08-08 17:30:00,12.3214,13.3036,46.548,2.266,RCW3
2020-08-08 18:00:00,12.3194,13.3036,46.548,2.271,RCW3
2020-08-08 18:30:00,12.3197,13.3036,46.548,2.27,RCW3
2020-08-08 19:00:00,12.322,13.3036,46.548,2.265,RCW3
2020-08-08 19:30:00,12.3262,13.305,46.548,2.258,RCW3
2020-08-08 20:00:00,12.3288,13.3079,46.548,2.259,RCW3
2020-08-08 20:30:00,12.3289,13.3108,46.548,2.265,RCW3
2020-08-08 21:00:00,12.3417,13.315,46.548,2.245,RCW3
2020-08-08 21:30:00,12.3475,13.3194,46.548,2.242,RCW3
2020-08-08 22:00:00,12.3417,13.3194,46.548,2.256,RCW3
2020-08-08 22:30:00,12.3452,13.3208,46.548,2.251,RCW3
2020-08-08 23:00:00,12.345,13.3194,46.548,2.248,RCW3
2020-08-08 23:30:00,12.3498,13.3208,46.548,2.24,RCW3
2020-08-09 00:00:00,12.3408,13.3223,46.548,2.264,RCW3
2020-08-09 00:30:00,12.3463,13.3208,46.548,2.248,RCW3
2020-08-09 01:00:00,12.3427,13.3223,46.548,2.26,RCW3
2020-08-09 01:30:00,12.3445,13.3194,46.548,2.249,RCW3
2020-08-09 02:00:00,12.3468,13.3179,46.548,2.24,RCW3
2020-08-09 02:30:00,12.3445,13.3208,46.548,2.252,RCW3
2020-08-09 03:00:00,12.3426,13.3194,46.548,2.253,RCW3
2020-08-09 03:30:00,12.3452,13.3208,46.548,2.251,RCW3
2020-08-09 04:00:00,12.3478,13.3223,46.548,2.248,RCW3
2020-08-09 04:30:00,12.3459,13.3223,46.548,2.253,RCW3
2020-08-09 05:00:00,12.3434,13.3198,46.728,2.253,RCW3
2020-08-09 05:30:00,12.3511,13.3208,46.548,2.237,RCW3
2020-08-09 06:00:00,12.3543,13.3237,46.548,2.236,RCW3
2020-08-09 06:30:00,12.3537,13.3223,46.548,2.235,RCW3
2020-08-09 07:00:00,12.3543,13.3256,46.728,2.241,RCW3
2020-08-09 07:30:00,12.3532,13.3256,46.728,2.243,RCW3
2020-08-09 08:00:00,12.3558,13.3256,46.728,2.237,RCW3
2020-08-09 08:30:00,12.3578,13.3252,46.548,2.232,RCW3
2020-08-09 09:00:00,12.3545,13.3208,46.548,2.229,RCW3
2020-08-09 09:30:00,12.3577,13.3227,46.728,2.226,RCW3
2020-08-09 10:00:00,12.3532,13.3184,46.728,2.227,RCW3
2020-08-09 10:30:00,12.3568,13.3169,46.728,2.215,RCW3
2020-08-09 11:00:00,12.3579,13.3155,46.728,2.209,RCW3
2020-08-09 11:30:00,12.3498,13.3113,46.728,2.218,RCW3
2020-08-09 12:00:00,12.3479,13.3127,46.728,2.226,RCW3
2020-08-09 12:30:00,12.3443,13.3098,46.728,2.227,RCW3
2020-08-09 13:00:00,12.3401,13.304,46.728,2.224,RCW3
2020-08-09 13:30:00,12.3349,13.2997,46.728,2.226,RCW3
2020-08-09 14:00:00,12.3298,13.2982,46.728,2.234,RCW3
2020-08-09 14:30:00,12.3262,13.294,46.728,2.233,RCW3
2020-08-09 15:00:00,12.3198,13.2911,46.728,2.241,RCW3
2020-08-09 15:30:00,12.3162,13.2824,46.728,2.229,RCW3
2020-08-09 16:00:00,12.3121,13.2824,46.728,2.239,RCW3
2020-08-09 16:30:00,12.321,13.281,46.728,2.215,RCW3
2020-08-09 17:00:00,12.3147,13.2782,46.728,2.223,RCW3
2020-08-09 17:30:00,12.3136,13.2768,46.728,2.222,RCW3
2020-08-09 18:00:00,12.3131,13.2782,46.728,2.227,RCW3
2020-08-09 18:30:00,12.3138,13.2768,46.728,2.222,RCW3
2020-08-09 19:00:00,12.3186,13.2782,46.728,2.214,RCW3
2020-08-09 19:30:00,12.3195,13.2795,46.728,2.215,RCW3
2020-08-09 20:00:00,12.3167,13.2824,46.728,2.228,RCW3
2020-08-09 20:30:00,12.3266,13.2839,46.728,2.209,RCW3
2020-08-09 21:00:00,12.334,13.2868,46.728,2.198,RCW3
2020-08-09 21:30:00,12.3308,13.2911,46.728,2.215,RCW3
2020-08-09 22:00:00,12.3333,13.2911,46.728,2.21,RCW3
2020-08-09 22:30:00,12.3366,13.2882,46.728,2.195,RCW3
2020-08-09 23:00:00,12.3365,13.2882,46.728,2.196,RCW3
2020-08-09 23:30:00,12.333,13.2911,46.728,2.21,RCW3
2020-08-10 00:00:00,12.3342,13.2911,46.728,2.208,RCW3
2020-08-10 00:30:00,12.3398,13.2911,46.728,2.195,RCW3
2020-08-10 01:00:00,12.3315,13.2897,46.728,2.211,RCW3
2020-08-10 01:30:00,12.3288,13.2882,46.728,2.213,RCW3
2020-08-10 02:00:00,12.3302,13.2868,46.728,2.207,RCW3
2020-08-10 02:30:00,12.3321,13.2853,46.728,2.199,RCW3
2020-08-10 03:00:00,12.3294,13.2868,46.728,2.209,RCW3
2020-08-10 03:30:00,12.3326,13.2853,46.728,2.198,RCW3
2020-08-10 04:00:00,12.3301,13.2839,46.728,2.2,RCW3
2020-08-10 04:30:00,12.3369,13.2853,46.728,2.188,RCW3
2020-08-10 05:00:00,12.3346,13.2853,46.728,2.193,RCW3
2020-08-10 05:30:00,12.3372,13.2824,46.728,2.181,RCW3
2020-08-10 06:00:00,12.3353,13.2853,46.728,2.192,RCW3
2020-08-10 06:30:00,12.3389,13.2897,46.728,2.194,RCW3
2020-08-10 07:00:00,12.344,13.2897,46.728,2.182,RCW3
2020-08-10 07:30:00,12.3463,13.2926,46.728,2.183,RCW3
2020-08-10 08:00:00,12.3489,13.294,46.728,2.18,RCW3
2020-08-10 08:30:00,12.3495,13.294,46.728,2.179,RCW3
2020-08-10 09:00:00,12.3429,13.2926,46.728,2.191,RCW3
2020-08-10 09:30:00,12.3449,13.2897,46.728,2.18,RCW3
2020-08-10 10:00:00,12.3445,13.2868,46.728,2.174,RCW3
2020-08-10 10:30:00,12.3365,13.2853,46.728,2.189,RCW3
2020-08-10 11:00:00,12.3416,13.2824,46.728,2.17,RCW3
2020-08-10 11:30:00,12.3328,13.2768,46.728,2.178,RCW3
2020-08-10 12:00:00,12.3339,13.2739,46.728,2.169,RCW3
2020-08-10 12:30:00,12.3256,13.271,46.728,2.181,RCW3
2020-08-10 13:00:00,12.3205,13.2666,46.728,2.183,RCW3
2020-08-10 13:30:00,12.3162,13.2623,46.728,2.183,RCW3
2020-08-10 14:00:00,12.3083,13.258,46.728,2.191,RCW3
2020-08-10 14:30:00,12.307,13.2508,46.728,2.177,RCW3
2020-08-10 15:00:00,12.2999,13.245,46.728,2.18,RCW3
2020-08-10 15:30:00,12.2959,13.2422,46.728,2.183,RCW3
2020-08-10 16:00:00,12.2963,13.2422,46.728,2.182,RCW3
2020-08-10 16:30:00,12.2944,13.2379,46.728,2.177,RCW3
2020-08-10 17:00:00,12.2977,13.2379,46.728,2.169,RCW3
2020-08-10 17:30:00,12.294,13.2321,46.728,2.164,RCW3
2020-08-10 18:00:00,12.2924,13.2306,46.728,2.164,RCW3
2020-08-10 18:30:00,12.2947,13.235,46.728,2.169,RCW3
2020-08-10 19:00:00,12.2946,13.2379,46.728,2.176,RCW3
2020-08-10 19:30:00,12.3004,13.2422,46.728,2.173,RCW3
2020-08-10 20:00:00,12.3082,13.2464,46.728,2.164,RCW3
2020-08-10 20:30:00,12.3073,13.2479,46.728,2.17,RCW3
2020-08-10 21:00:00,12.3128,13.2508,46.728,2.164,RCW3
2020-08-10 21:30:00,12.3189,13.2522,46.728,2.153,RCW3
2020-08-10 22:00:00,12.3178,13.2522,46.728,2.156,RCW3
2020-08-10 22:30:00,12.3182,13.2551,46.728,2.161,RCW3
2020-08-10 23:00:00,12.3141,13.2522,46.728,2.164,RCW3
2020-08-10 23:30:00,12.3144,13.2522,46.728,2.164,RCW3
2020-08-11 00:00:00,12.3153,13.2522,46.728,2.161,RCW3
2020-08-11 00:30:00,12.3156,13.2493,46.728,2.154,RCW3
2020-08-11 01:00:00,12.3159,13.2479,46.728,2.15,RCW3
2020-08-11 01:30:00,12.317,13.2479,46.728,2.148,RCW3
2020-08-11 02:00:00,12.3138,13.245,46.728,2.148,RCW3
2020-08-11 02:30:00,12.3108,13.2435,46.728,2.152,RCW3
2020-08-11 03:00:00,12.3076,13.2364,46.728,2.143,RCW3
2020-08-11 03:30:00,12.3044,13.2335,46.728,2.143,RCW3
2020-08-11 04:00:00,12.3018,13.235,46.728,2.153,RCW3
2020-08-11 04:30:00,12.3082,13.2364,46.728,2.141,RCW3
2020-08-11 05:00:00,12.3059,13.235,46.728,2.143,RCW3
2020-08-11 05:30:00,12.3086,13.2379,46.728,2.144,RCW3
2020-08-11 06:00:00,12.3072,13.2364,46.728,2.144,RCW3
2020-08-11 06:30:00,12.3108,13.2379,46.728,2.139,RCW3
2020-08-11 07:00:00,12.3112,13.2408,46.728,2.145,RCW3
2020-08-11 07:30:00,12.3095,13.2408,46.728,2.149,RCW3
2020-08-11 08:00:00,12.3123,13.2408,46.728,2.142,RCW3
2020-08-11 08:30:00,12.3082,13.2435,46.728,2.158,RCW3
2020-08-11 09:00:00,12.3133,13.2408,46.728,2.14,RCW3
2020-08-11 09:30:00,12.3138,13.2393,46.728,2.135,RCW3
2020-08-11 10:00:00,12.315,13.2379,46.728,2.129,RCW3
2020-08-11 10:30:00,12.3131,13.2364,46.728,2.13,RCW3
2020-08-11 11:00:00,12.3149,13.2364,46.728,2.126,RCW3
2020-08-11 11:30:00,12.3117,13.2364,46.728,2.133,RCW3
2020-08-11 12:00:00,12.3092,13.2335,46.728,2.132,RCW3
2020-08-11 12:30:00,12.3082,13.2292,46.728,2.125,RCW3
2020-08-11 13:00:00,12.3017,13.2248,46.728,2.13,RCW3
2020-08-11 13:30:00,12.2975,13.2206,46.728,2.13,RCW3
2020-08-11 14:00:00,12.2921,13.2177,46.728,2.135,RCW3
2020-08-11 14:30:00,12.2875,13.2119,46.728,2.133,RCW3
2020-08-11 15:00:00,12.2901,13.2119,46.728,2.127,RCW3
2020-08-11 15:30:00,12.2875,13.2119,46.728,2.133,RCW3
2020-08-11 16:00:00,12.2851,13.2105,46.728,2.135,RCW3
2020-08-11 16:30:00,12.2831,13.2119,46.728,2.143,RCW3
2020-08-11 17:00:00,12.2876,13.209,46.728,2.126,RCW3
2020-08-11 17:30:00,12.2908,13.2048,46.728,2.109,RCW3
2020-08-11 18:00:00,12.2866,13.2076,46.728,2.125,RCW3
2020-08-11 18:30:00,12.2853,13.2063,46.728,2.125,RCW3
2020-08-11 19:00:00,12.2909,13.2063,46.728,2.112,RCW3
2020-08-11 19:30:00,12.2879,13.209,46.728,2.125,RCW3
2020-08-11 20:00:00,12.2992,13.2134,46.728,2.109,RCW3
2020-08-11 20:30:00,12.3046,13.2206,46.728,2.113,RCW3
2020-08-11 21:00:00,12.3131,13.2248,46.728,2.103,RCW3
2020-08-11 21:30:00,12.3115,13.2292,46.728,2.117,RCW3
2020-08-11 22:00:00,12.3224,13.2306,46.728,2.095,RCW3
2020-08-11 22:30:00,12.3173,13.2277,46.728,2.1,RCW3
2020-08-11 23:00:00,12.3167,13.2263,46.728,2.098,RCW3
2020-08-11 23:30:00,12.3175,13.2263,46.728,2.097,RCW3
2020-08-12 00:00:00,12.3185,13.2277,46.728,2.098,RCW3
2020-08-12 00:30:00,12.3191,13.2277,46.728,2.096,RCW3
2020-08-12 01:00:00,12.3154,13.2277,46.728,2.105,RCW3
2020-08-12 01:30:00,12.3123,13.2235,46.728,2.102,RCW3
2020-08-12 02:00:00,12.3141,13.2235,46.728,2.098,RCW3
2020-08-12 02:30:00,12.316,13.2206,46.728,2.087,RCW3
2020-08-12 03:00:00,12.3091,13.2206,46.728,2.103,RCW3
2020-08-12 03:30:00,12.3112,13.2192,46.728,2.095,RCW3
2020-08-12 04:00:00,12.3089,13.2177,46.728,2.097,RCW3
2020-08-12 04:30:00,12.3111,13.2163,46.728,2.088,RCW3
2020-08-12 05:00:00,12.3041,13.2163,46.728,2.104,RCW3
2020-08-12 05:30:00,12.3067,13.2134,46.728,2.092,RCW3
2020-08-12 06:00:00,12.3094,13.2148,46.728,2.089,RCW3
2020-08-12 06:30:00,12.3073,13.2163,46.728,2.097,RCW3
2020-08-12 07:00:00,12.312,13.2192,46.728,2.093,RCW3
2020-08-12 07:30:00,12.3144,13.2206,46.728,2.091,RCW3
2020-08-12 08:00:00,12.3121,13.2206,46.728,2.096,RCW3
2020-08-12 08:30:00,12.3188,13.2192,46.728,2.077,RCW3
2020-08-12 09:00:00,12.3201,13.2206,46.728,2.077,RCW3
2020-08-12 09:30:00,12.3144,13.2221,46.728,2.094,RCW3
2020-08-12 10:00:00,12.314,13.2206,46.728,2.092,RCW3
2020-08-12 10:30:00,12.3214,13.2248,46.728,2.084,RCW3
2020-08-12 11:00:00,12.3272,13.2235,46.728,2.068,RCW3
2020-08-12 11:30:00,12.3234,13.2235,46.728,2.077,RCW3
2020-08-12 12:00:00,12.3294,13.2221,46.728,2.059,RCW3
2020-08-12 12:30:00,12.3201,13.2192,46.728,2.074,RCW3
2020-08-12 13:00:00,12.3179,13.2163,46.728,2.073,RCW3
2020-08-12 13:30:00,12.324,13.2192,46.728,2.065,RCW3
2020-08-12 14:00:00,12.3221,13.2163,46.728,2.063,RCW3
2020-08-12 14:30:00,12.3159,13.2163,46.728,2.077,RCW3
2020-08-12 15:00:00,12.3152,13.2134,46.728,2.072,RCW3
2020-08-12 15:30:00,12.3115,13.2134,46.728,2.081,RCW3
2020-08-12 16:00:00,12.3159,13.2119,46.728,2.067,RCW3
2020-08-12 16:30:00,12.3152,13.209,46.728,2.062,RCW3
2020-08-12 17:00:00,12.3136,13.209,46.728,2.066,RCW3
2020-08-12 17:30:00,12.3157,13.2076,46.728,2.058,RCW3
2020-08-12 18:00:00,12.312,13.2076,46.728,2.066,RCW3
2020-08-12 18:30:00,12.3107,13.2076,46.728,2.069,RCW3
2020-08-12 19:00:00,12.3182,13.2063,46.728,2.049,RCW3
2020-08-12 19:30:00,12.3102,13.2076,46.728,2.07,RCW3
2020-08-12 20:00:00,12.3181,13.2119,46.728,2.062,RCW3
2020-08-12 20:30:00,12.3262,13.2148,46.728,2.05,RCW3
2020-08-12 21:00:00,12.3328,13.2206,46.728,2.048,RCW3
2020-08-12 21:30:00,12.3334,13.2221,46.728,2.05,RCW3
2020-08-12 22:00:00,12.3407,13.2263,46.728,2.043,RCW3
2020-08-12 22:30:00,12.3347,13.2235,46.728,2.05,RCW3
2020-08-12 23:00:00,12.3349,13.2235,46.728,2.05,RCW3
2020-08-12 23:30:00,12.3394,13.2248,46.728,2.043,RCW3
2020-08-13 00:00:00,12.3407,13.2248,46.728,2.04,RCW3
2020-08-13 00:30:00,12.3416,13.2263,46.728,2.041,RCW3
2020-08-13 01:00:00,12.3433,13.2263,46.728,2.037,RCW3
2020-08-13 01:30:00,12.344,13.224,46.908,2.03,RCW3
2020-08-13 02:00:00,12.341,13.2221,46.728,2.033,RCW3
2020-08-13 02:30:00,12.3385,13.224,46.908,2.043,RCW3
2020-08-13 03:00:00,12.3405,13.2211,46.908,2.032,RCW3
2020-08-13 03:30:00,12.3334,13.2206,46.728,2.047,RCW3
2020-08-13 04:00:00,12.336,13.2192,46.728,2.038,RCW3
2020-08-13 04:30:00,12.3385,13.2211,46.908,2.036,RCW3
2020-08-13 05:00:00,12.341,13.2196,46.908,2.027,RCW3
2020-08-13 05:30:00,12.3394,13.2196,46.908,2.031,RCW3
2020-08-13 06:00:00,12.3424,13.2211,46.908,2.027,RCW3
2020-08-13 06:30:00,12.3418,13.2225,46.908,2.032,RCW3
2020-08-13 07:00:00,12.3465,13.2254,46.908,2.028,RCW3
2020-08-13 07:30:00,12.346,13.2282,46.908,2.035,RCW3
2020-08-13 08:00:00,12.3446,13.2267,46.908,2.035,RCW3
2020-08-13 08:30:00,12.3485,13.2267,46.908,2.026,RCW3
2020-08-13 09:00:00,12.3504,13.2254,46.908,2.019,RCW3
2020-08-13 09:30:00,12.3497,13.2282,46.908,2.027,RCW3
2020-08-13 10:00:00,12.3488,13.2282,46.908,2.029,RCW3
2020-08-13 10:30:00,12.3523,13.2296,46.908,2.024,RCW3
2020-08-13 11:00:00,12.3539,13.2282,46.908,2.017,RCW3
2020-08-13 11:30:00,12.3511,13.2267,46.908,2.02,RCW3
2020-08-13 12:00:00,12.3501,13.2254,46.908,2.019,RCW3
2020-08-13 12:30:00,12.3453,13.2254,46.908,2.03,RCW3
2020-08-13 13:00:00,12.3516,13.2211,46.908,2.006,RCW3
2020-08-13 13:30:00,12.3417,13.2182,46.908,2.022,RCW3
2020-08-13 14:00:00,12.3397,13.2196,46.908,2.03,RCW3
2020-08-13 14:30:00,12.3397,13.2167,46.908,2.023,RCW3
2020-08-13 15:00:00,12.3418,13.2182,46.908,2.022,RCW3
2020-08-13 15:30:00,12.3387,13.2182,46.908,2.029,RCW3
2020-08-13 16:00:00,12.3385,13.2153,46.908,2.023,RCW3
2020-08-13 16:30:00,12.3405,13.2153,46.908,2.018,RCW3
2020-08-13 17:00:00,12.3394,13.2167,46.908,2.024,RCW3
2020-08-13 17:30:00,12.3446,13.2182,46.908,2.015,RCW3
2020-08-13 18:00:00,12.3453,13.2182,46.908,2.014,RCW3
2020-08-13 18:30:00,12.3445,13.2182,46.908,2.016,RCW3
2020-08-13 19:00:00,12.3497,13.2167,46.908,2,RCW3
2020-08-13 19:30:00,12.3471,13.2167,46.908,2.006,RCW3
2020-08-13 20:00:00,12.3505,13.2225,46.908,2.012,RCW3
2020-08-13 20:30:00,12.3559,13.224,46.908,2.003,RCW3
2020-08-13 21:00:00,12.3572,13.2296,46.908,2.013,RCW3
2020-08-13 21:30:00,12.3617,13.234,46.908,2.012,RCW3
2020-08-13 22:00:00,12.3685,13.2369,46.908,2.003,RCW3
2020-08-13 22:30:00,12.3678,13.2398,46.908,2.012,RCW3
2020-08-13 23:00:00,12.3716,13.2369,46.908,1.996,RCW3
2020-08-13 23:30:00,12.3716,13.2354,46.908,1.993,RCW3
2020-08-14 00:00:00,12.3716,13.2369,46.908,1.996,RCW3
2020-08-14 00:30:00,12.3724,13.2369,46.908,1.994,RCW3
2020-08-14 01:00:00,12.3687,13.2311,46.908,1.99,RCW3
2020-08-14 01:30:00,12.3662,13.2311,46.908,1.995,RCW3
2020-08-14 02:00:00,12.3679,13.2282,46.908,1.985,RCW3
2020-08-14 02:30:00,12.3649,13.2254,46.908,1.985,RCW3
2020-08-14 03:00:00,12.3624,13.2267,46.908,1.994,RCW3
2020-08-14 03:30:00,12.365,13.2254,46.908,1.985,RCW3
2020-08-14 04:00:00,12.3543,13.2196,46.908,1.996,RCW3
2020-08-14 04:30:00,12.3584,13.2211,46.908,1.99,RCW3
2020-08-14 05:00:00,12.3616,13.2225,46.908,1.986,RCW3
2020-08-14 05:30:00,12.3656,13.2254,46.908,1.984,RCW3
2020-08-14 06:00:00,12.364,13.2282,46.908,1.994,RCW3
2020-08-14 06:30:00,12.3681,13.2296,46.908,1.988,RCW3
2020-08-14 07:00:00,12.3784,13.2354,46.908,1.977,RCW3
2020-08-14 07:30:00,12.3819,13.2354,46.908,1.969,RCW3
2020-08-14 08:00:00,12.3793,13.2354,46.908,1.975,RCW3
2020-08-14 08:30:00,12.3785,13.2325,46.908,1.97,RCW3
2020-08-14 09:00:00,12.3788,13.234,46.908,1.973,RCW3
2020-08-14 09:30:00,12.3794,13.2311,46.908,1.965,RCW3
2020-08-14 10:00:00,12.3723,13.2311,46.908,1.981,RCW3
2020-08-14 10:30:00,12.3761,13.2311,46.908,1.973,RCW3
2020-08-14 11:00:00,12.3745,13.2296,46.908,1.973,RCW3
2020-08-14 11:30:00,12.3804,13.2325,46.908,1.966,RCW3
2020-08-14 12:00:00,12.3778,13.2267,46.908,1.958,RCW3
2020-08-14 12:30:00,12.3662,13.2225,46.908,1.976,RCW3
2020-08-14 13:00:00,12.3642,13.2196,46.908,1.973,RCW3
2020-08-14 13:30:00,12.371,13.2196,46.908,1.958,RCW3
2020-08-14 14:00:00,12.3752,13.2196,46.908,1.948,RCW3
2020-08-14 14:30:00,12.363,13.2153,46.908,1.966,RCW3
2020-08-14 15:00:00,12.3553,13.2124,46.908,1.977,RCW3
2020-08-14 15:30:00,12.3587,13.2082,46.908,1.96,RCW3
2020-08-14 16:00:00,12.3558,13.2053,46.908,1.96,RCW3
2020-08-14 16:30:00,12.3569,13.1994,46.908,1.944,RCW3
2020-08-14 17:00:00,12.3543,13.1994,46.908,1.95,RCW3
2020-08-14 17:30:00,12.3474,13.1994,46.908,1.966,RCW3
2020-08-14 18:00:00,12.3481,13.1965,46.908,1.957,RCW3
2020-08-14 18:30:00,12.3442,13.1951,46.908,1.963,RCW3
2020-08-14 19:00:00,12.3443,13.1922,46.908,1.956,RCW3
2020-08-14 19:30:00,12.3513,13.1936,46.908,1.943,RCW3
2020-08-14 20:00:00,12.3485,13.1951,46.908,1.953,RCW3
2020-08-14 20:30:00,12.3498,13.1951,46.908,1.95,RCW3
2020-08-14 21:00:00,12.3592,13.2024,46.908,1.945,RCW3
2020-08-14 21:30:00,12.3568,13.2053,46.908,1.958,RCW3
2020-08-14 22:00:00,12.3652,13.2053,46.908,1.938,RCW3
2020-08-14 22:30:00,12.3604,13.2067,46.908,1.952,RCW3
2020-08-14 23:00:00,12.3604,13.2067,46.908,1.952,RCW3
2020-08-14 23:30:00,12.361,13.2067,46.908,1.951,RCW3
2020-08-15 00:00:00,12.3617,13.2038,46.908,1.943,RCW3
2020-08-15 00:30:00,12.3577,13.2038,46.908,1.952,RCW3
2020-08-15 01:00:00,12.355,13.2024,46.908,1.955,RCW3
2020-08-15 01:30:00,12.3565,13.2009,46.908,1.948,RCW3
2020-08-15 02:00:00,12.3588,13.198,46.908,1.936,RCW3
2020-08-15 02:30:00,12.3565,13.198,46.908,1.941,RCW3
2020-08-15 03:00:00,12.3588,13.198,46.908,1.936,RCW3
2020-08-15 03:30:00,12.3569,13.198,46.908,1.94,RCW3
2020-08-15 04:00:00,12.355,13.198,46.908,1.945,RCW3
2020-08-15 04:30:00,12.3582,13.1994,46.908,1.941,RCW3
2020-08-15 05:00:00,12.3614,13.1994,46.908,1.933,RCW3
2020-08-15 05:30:00,12.3645,13.2024,46.908,1.933,RCW3
2020-08-15 06:00:00,12.3677,13.2024,46.908,1.926,RCW3
2020-08-15 06:30:00,12.3668,13.2067,46.908,1.938,RCW3
2020-08-15 07:00:00,12.3764,13.2082,46.908,1.919,RCW3
2020-08-15 07:30:00,12.3701,13.2082,46.908,1.934,RCW3
2020-08-15 08:00:00,12.3809,13.2109,46.908,1.915,RCW3
2020-08-15 08:30:00,12.3765,13.2082,46.908,1.919,RCW3
2020-08-15 09:00:00,12.3722,13.2067,46.908,1.925,RCW3
2020-08-15 09:30:00,12.371,13.2067,46.908,1.928,RCW3
2020-08-15 10:00:00,12.3742,13.2053,46.908,1.917,RCW3
2020-08-15 10:30:00,12.3711,13.2024,46.908,1.918,RCW3
2020-08-15 11:00:00,12.3685,13.2009,46.908,1.92,RCW3
2020-08-15 11:30:00,12.3739,13.2038,46.908,1.915,RCW3
2020-08-15 12:00:00,12.3659,13.2009,46.908,1.926,RCW3
2020-08-15 12:30:00,12.3693,13.2009,46.908,1.919,RCW3
2020-08-15 13:00:00,12.3632,13.198,46.908,1.926,RCW3
2020-08-15 13:30:00,12.3666,13.1951,46.908,1.911,RCW3
2020-08-15 14:00:00,12.3566,13.1922,46.908,1.928,RCW3
2020-08-15 14:30:00,12.3549,13.1894,46.908,1.925,RCW3
2020-08-15 15:00:00,12.352,13.1865,46.908,1.925,RCW3
2020-08-15 15:30:00,12.3508,13.1793,46.908,1.911,RCW3
2020-08-15 16:00:00,12.3507,13.1822,46.908,1.918,RCW3
2020-08-15 16:30:00,12.3516,13.1807,46.908,1.913,RCW3
2020-08-15 17:00:00,12.3465,13.1778,46.908,1.918,RCW3
2020-08-15 17:30:00,12.3555,13.1764,46.908,1.894,RCW3
2020-08-15 18:00:00,12.3489,13.1793,46.908,1.916,RCW3
2020-08-15 18:30:00,12.3504,13.1778,46.908,1.909,RCW3
2020-08-15 19:00:00,12.3514,13.1764,46.908,1.903,RCW3
2020-08-15 19:30:00,12.36,13.1793,46.908,1.89,RCW3
2020-08-15 20:00:00,12.3566,13.1851,46.908,1.911,RCW3
2020-08-15 20:30:00,12.3585,13.1865,46.908,1.91,RCW3
2020-08-15 21:00:00,12.3653,13.188,46.908,1.898,RCW3
2020-08-15 21:30:00,12.3675,13.1922,46.908,1.903,RCW3
2020-08-15 22:00:00,12.3719,13.1951,46.908,1.899,RCW3
2020-08-15 22:30:00,12.3785,13.1951,46.908,1.884,RCW3
2020-08-15 23:00:00,12.3739,13.1936,46.908,1.891,RCW3
2020-08-15 23:30:00,12.3735,13.1907,46.908,1.885,RCW3
2020-08-16 00:00:00,12.3777,13.1922,46.908,1.879,RCW3
2020-08-16 00:30:00,12.3733,13.1936,46.908,1.892,RCW3
2020-08-16 01:00:00,12.3749,13.1894,46.908,1.879,RCW3
2020-08-16 01:30:00,12.3732,13.188,46.908,1.88,RCW3
2020-08-16 02:00:00,12.3664,13.1851,46.908,1.889,RCW3
2020-08-16 02:30:00,12.3682,13.1822,46.908,1.878,RCW3
2020-08-16 03:00:00,12.3661,13.1807,46.908,1.879,RCW3
2020-08-16 03:30:00,12.3679,13.1778,46.908,1.868,RCW3
2020-08-16 04:00:00,12.3561,13.1778,46.908,1.896,RCW3
2020-08-16 04:30:00,12.3584,13.1749,46.908,1.884,RCW3
2020-08-16 05:00:00,12.3606,13.1778,46.908,1.885,RCW3
2020-08-16 05:30:00,12.3582,13.1735,46.908,1.881,RCW3
2020-08-16 06:00:00,12.3614,13.1722,46.908,1.871,RCW3
2020-08-16 06:30:00,12.3606,13.1749,46.908,1.879,RCW3
2020-08-16 07:00:00,12.3574,13.1778,46.908,1.893,RCW3
2020-08-16 07:30:00,12.3637,13.1807,46.908,1.885,RCW3
2020-08-16 08:00:00,12.3703,13.1865,46.908,1.883,RCW3
2020-08-16 08:30:00,12.3764,13.1894,46.908,1.876,RCW3
2020-08-16 09:00:00,12.3852,13.1994,46.908,1.878,RCW3
2020-08-16 09:30:00,12.3957,13.2053,46.908,1.868,RCW3
2020-08-16 10:00:00,12.3988,13.2067,46.908,1.864,RCW3
2020-08-16 10:30:00,12.3958,13.2082,46.908,1.874,RCW3
2020-08-16 11:00:00,12.4046,13.2138,46.908,1.867,RCW3
2020-08-16 11:30:00,12.3954,13.2038,46.908,1.865,RCW3
2020-08-16 12:00:00,12.4104,13.2153,46.908,1.857,RCW3
2020-08-16 12:30:00,12.4125,13.2282,46.908,1.882,RCW3
2020-08-16 13:00:00,12.4097,13.2211,46.908,1.872,RCW3
2020-08-16 13:30:00,12.4065,13.2153,46.908,1.866,RCW3
2020-08-16 14:00:00,12.4165,13.2225,46.908,1.859,RCW3
2020-08-16 14:30:00,12.4122,13.2225,46.908,1.869,RCW3
2020-08-16 15:00:00,12.3957,13.2067,46.908,1.871,RCW3
2020-08-16 15:30:00,12.3923,13.2009,46.908,1.865,RCW3
2020-08-16 16:00:00,12.3833,13.1907,46.908,1.863,RCW3
2020-08-16 16:30:00,12.3774,13.1836,46.908,1.86,RCW3
2020-08-16 17:00:00,12.3762,13.1778,46.908,1.849,RCW3
2020-08-16 17:30:00,12.3714,13.1749,46.908,1.854,RCW3
2020-08-16 18:00:00,12.3672,13.1707,46.908,1.854,RCW3
2020-08-16 18:30:00,12.3671,13.1722,46.908,1.857,RCW3
2020-08-16 19:00:00,12.3661,13.1735,46.908,1.863,RCW3
2020-08-16 19:30:00,12.3711,13.1735,46.908,1.851,RCW3
2020-08-16 20:00:00,12.374,13.1764,46.908,1.851,RCW3
2020-08-16 20:30:00,12.3764,13.1807,46.908,1.856,RCW3
2020-08-16 21:00:00,12.3874,13.1865,46.908,1.844,RCW3
2020-08-16 21:30:00,12.3865,13.188,46.908,1.849,RCW3
2020-08-16 22:00:00,12.3952,13.1926,47.088,1.84,RCW3
2020-08-16 22:30:00,12.3909,13.1936,46.908,1.852,RCW3
2020-08-16 23:00:00,12.397,13.197,47.088,1.846,RCW3
2020-08-16 23:30:00,12.3943,13.1999,47.088,1.859,RCW3
2020-08-17 00:00:00,12.3972,13.1965,46.908,1.844,RCW3
2020-08-17 00:30:00,12.4042,13.197,47.088,1.829,RCW3
2020-08-17 01:00:00,12.401,13.1984,47.088,1.84,RCW3
2020-08-17 01:30:00,12.3955,13.1955,47.088,1.846,RCW3
2020-08-17 02:00:00,12.3896,13.1913,47.088,1.85,RCW3
2020-08-17 02:30:00,12.3974,13.1941,47.088,1.838,RCW3
2020-08-17 03:00:00,12.3978,13.1941,47.088,1.837,RCW3
2020-08-17 03:30:00,12.3887,13.1899,47.088,1.848,RCW3
2020-08-17 04:00:00,12.3942,13.1899,47.088,1.836,RCW3
2020-08-17 04:30:00,12.3883,13.1855,47.088,1.839,RCW3
2020-08-17 05:00:00,12.3896,13.187,47.088,1.84,RCW3
2020-08-17 05:30:00,12.3923,13.1926,47.088,1.846,RCW3
2020-08-17 06:00:00,12.3859,13.1884,47.088,1.851,RCW3
2020-08-17 06:30:00,12.3891,13.1884,47.088,1.844,RCW3
2020-08-17 07:00:00,12.3885,13.1884,47.088,1.845,RCW3
2020-08-17 07:30:00,12.3919,13.1913,47.088,1.844,RCW3
2020-08-17 08:00:00,12.3826,13.1884,47.088,1.859,RCW3
2020-08-17 08:30:00,12.3854,13.187,47.088,1.849,RCW3
2020-08-17 09:00:00,12.3843,13.187,47.088,1.852,RCW3
